solid OpenSCAD_Model
  facet normal -0.653177 0.757206 0
    outer loop
      vertex 1.14165 -1.25962 0
      vertex 1.07847 -1.31412 5
      vertex 1.14165 -1.25962 5
    endloop
  endfacet
  facet normal -0.653177 0.757206 0
    outer loop
      vertex 1.07847 -1.31412 5
      vertex 1.14165 -1.25962 0
      vertex 1.07847 -1.31412 0
    endloop
  endfacet
  facet normal -0.359898 0.932991 0
    outer loop
      vertex 0.650561 -1.57059 0
      vertex 0.572712 -1.60062 5
      vertex 0.650561 -1.57059 5
    endloop
  endfacet
  facet normal -0.359898 0.932991 0
    outer loop
      vertex 0.572712 -1.60062 5
      vertex 0.650561 -1.57059 0
      vertex 0.572712 -1.60062 0
    endloop
  endfacet
  facet normal 0.689577 0.724212 -0
    outer loop
      vertex -1.14165 -1.25962 0
      vertex -1.20208 -1.20208 5
      vertex -1.14165 -1.25962 5
    endloop
  endfacet
  facet normal 0.689577 0.724212 0
    outer loop
      vertex -1.20208 -1.20208 5
      vertex -1.14165 -1.25962 0
      vertex -1.20208 -1.20208 0
    endloop
  endfacet
  facet normal 0.870074 0.492922 0
    outer loop
      vertex -1.45814 -0.873974 2
      vertex -1.49927 -0.801374 0
      vertex -1.49927 -0.801374 2
    endloop
  endfacet
  facet normal 0.870074 0.492922 0
    outer loop
      vertex -1.49927 -0.801374 0
      vertex -1.45814 -0.873974 2
      vertex -1.45814 -0.873974 0
    endloop
  endfacet
  facet normal 0.122365 0.992485 -0
    outer loop
      vertex -0.166629 -1.69181 0
      vertex -0.249441 -1.6816 2
      vertex -0.166629 -1.69181 2
    endloop
  endfacet
  facet normal 0.122365 0.992485 0
    outer loop
      vertex -0.249441 -1.6816 2
      vertex -0.166629 -1.69181 0
      vertex -0.249441 -1.6816 0
    endloop
  endfacet
  facet normal 0.534999 0.844853 -0
    outer loop
      vertex -0.873974 -1.45814 0
      vertex -0.944468 -1.4135 5
      vertex -0.873974 -1.45814 5
    endloop
  endfacet
  facet normal 0.534999 0.844853 0
    outer loop
      vertex -0.944468 -1.4135 5
      vertex -0.873974 -1.45814 0
      vertex -0.944468 -1.4135 0
    endloop
  endfacet
  facet normal 0.615193 -0.788377 0
    outer loop
      vertex -1.07847 1.31412 0
      vertex -1.01269 1.36545 5
      vertex -1.07847 1.31412 5
    endloop
  endfacet
  facet normal 0.615193 -0.788377 0
    outer loop
      vertex -1.01269 1.36545 5
      vertex -1.07847 1.31412 0
      vertex -1.01269 1.36545 0
    endloop
  endfacet
  facet normal 0.932991 0.359898 0
    outer loop
      vertex -1.57059 -0.650561 2
      vertex -1.60062 -0.572712 0
      vertex -1.60062 -0.572712 2
    endloop
  endfacet
  facet normal 0.932991 0.359898 0
    outer loop
      vertex -1.60062 -0.572712 0
      vertex -1.57059 -0.650561 2
      vertex -1.57059 -0.650561 0
    endloop
  endfacet
  facet normal -0.492922 -0.870074 0
    outer loop
      vertex 0.801374 1.49927 0
      vertex 0.873974 1.45814 5
      vertex 0.801374 1.49927 5
    endloop
  endfacet
  facet normal -0.492922 -0.870074 -0
    outer loop
      vertex 0.873974 1.45814 5
      vertex 0.801374 1.49927 0
      vertex 0.873974 1.45814 0
    endloop
  endfacet
  facet normal 0.985268 -0.171018 0
    outer loop
      vertex -1.6816 0.249441 2
      vertex -1.66733 0.331653 0
      vertex -1.66733 0.331653 2
    endloop
  endfacet
  facet normal 0.985268 -0.171018 0
    outer loop
      vertex -1.66733 0.331653 0
      vertex -1.6816 0.249441 2
      vertex -1.6816 0.249441 0
    endloop
  endfacet
  facet normal 0.689577 -0.724212 0
    outer loop
      vertex -1.20208 1.20208 0
      vertex -1.14165 1.25962 5
      vertex -1.20208 1.20208 5
    endloop
  endfacet
  facet normal 0.689577 -0.724212 0
    outer loop
      vertex -1.14165 1.25962 5
      vertex -1.20208 1.20208 0
      vertex -1.14165 1.25962 0
    endloop
  endfacet
  facet normal 0.893252 0.449556 0
    outer loop
      vertex -1.49927 -0.801374 2
      vertex -1.53678 -0.726843 0
      vertex -1.53678 -0.726843 2
    endloop
  endfacet
  facet normal 0.893252 0.449556 0
    outer loop
      vertex -1.53678 -0.726843 0
      vertex -1.49927 -0.801374 2
      vertex -1.49927 -0.801374 0
    endloop
  endfacet
  facet normal 0.314654 0.949206 0
    outer loop
      vertex -0.493484 -1.6268 2
      vertex -0.493484 -1.6268 0
      vertex -0.5 -1.62464 2
    endloop
  endfacet
  facet normal 0.313672 0.949531 -0
    outer loop
      vertex -0.5 -1.62464 2
      vertex -0.572712 -1.60062 5
      vertex -0.5 -1.62464 5
    endloop
  endfacet
  facet normal 0.313753 0.949505 -3.25738e-06
    outer loop
      vertex -0.572712 -1.60062 0
      vertex -0.5 -1.62464 2
      vertex -0.493484 -1.6268 0
    endloop
  endfacet
  facet normal 0.313672 0.949531 0
    outer loop
      vertex -0.5 -1.62464 2
      vertex -0.572712 -1.60062 0
      vertex -0.572712 -1.60062 5
    endloop
  endfacet
  facet normal 0.0245685 -0.999698 0
    outer loop
      vertex -0.083415 1.69795 0
      vertex 0 1.7 2
      vertex -0.083415 1.69795 2
    endloop
  endfacet
  facet normal 0.0245685 -0.999698 0
    outer loop
      vertex 0 1.7 2
      vertex -0.083415 1.69795 0
      vertex 0 1.7 0
    endloop
  endfacet
  facet normal -0.449556 -0.893252 0
    outer loop
      vertex 0.726843 1.53678 0
      vertex 0.801374 1.49927 5
      vertex 0.726843 1.53678 5
    endloop
  endfacet
  facet normal -0.449556 -0.893252 -0
    outer loop
      vertex 0.801374 1.49927 5
      vertex 0.726843 1.53678 0
      vertex 0.801374 1.49927 0
    endloop
  endfacet
  facet normal 0.492922 0.870074 -0
    outer loop
      vertex -0.801374 -1.49927 0
      vertex -0.873974 -1.45814 5
      vertex -0.801374 -1.49927 5
    endloop
  endfacet
  facet normal 0.492922 0.870074 0
    outer loop
      vertex -0.873974 -1.45814 5
      vertex -0.801374 -1.49927 0
      vertex -0.873974 -1.45814 0
    endloop
  endfacet
  facet normal -0.314654 -0.949206 -0
    outer loop
      vertex 0.493484 1.6268 2
      vertex 0.493484 1.6268 0
      vertex 0.5 1.62464 2
    endloop
  endfacet
  facet normal -0.313672 -0.949531 0
    outer loop
      vertex 0.5 1.62464 2
      vertex 0.572712 1.60062 5
      vertex 0.5 1.62464 5
    endloop
  endfacet
  facet normal -0.313753 -0.949505 -3.25738e-06
    outer loop
      vertex 0.572712 1.60062 0
      vertex 0.5 1.62464 2
      vertex 0.493484 1.6268 0
    endloop
  endfacet
  facet normal -0.313672 -0.949531 0
    outer loop
      vertex 0.5 1.62464 2
      vertex 0.572712 1.60062 0
      vertex 0.572712 1.60062 5
    endloop
  endfacet
  facet normal 0.0735856 -0.997289 0
    outer loop
      vertex -0.166629 1.69181 0
      vertex -0.083415 1.69795 2
      vertex -0.166629 1.69181 2
    endloop
  endfacet
  facet normal 0.0735856 -0.997289 0
    outer loop
      vertex -0.083415 1.69795 2
      vertex -0.166629 1.69181 0
      vertex -0.083415 1.69795 0
    endloop
  endfacet
  facet normal 0.999698 0.0245685 0
    outer loop
      vertex -1.69795 -0.083415 2
      vertex -1.7 0 0
      vertex -1.7 0 2
    endloop
  endfacet
  facet normal 0.999698 0.0245685 0
    outer loop
      vertex -1.7 0 0
      vertex -1.69795 -0.083415 2
      vertex -1.69795 -0.083415 0
    endloop
  endfacet
  facet normal 0.724212 -0.689577 0
    outer loop
      vertex -1.25962 1.14165 5
      vertex -1.20208 1.20208 0
      vertex -1.20208 1.20208 5
    endloop
  endfacet
  facet normal 0.724212 -0.689577 0
    outer loop
      vertex -1.20208 1.20208 0
      vertex -1.25962 1.14165 5
      vertex -1.25962 1.14165 0
    endloop
  endfacet
  facet normal -0.21908 0.975707 0
    outer loop
      vertex 0.413066 -1.64905 0
      vertex 0.331653 -1.66733 2
      vertex 0.413066 -1.64905 2
    endloop
  endfacet
  facet normal -0.21908 0.975707 0
    outer loop
      vertex 0.331653 -1.66733 2
      vertex 0.413066 -1.64905 0
      vertex 0.331653 -1.66733 0
    endloop
  endfacet
  facet normal -0.575829 -0.81757 0
    outer loop
      vertex 0.944468 1.4135 0
      vertex 1.01269 1.36545 5
      vertex 0.944468 1.4135 5
    endloop
  endfacet
  facet normal -0.575829 -0.81757 -0
    outer loop
      vertex 1.01269 1.36545 5
      vertex 0.944468 1.4135 0
      vertex 1.01269 1.36545 0
    endloop
  endfacet
  facet normal -0.21908 -0.975707 0
    outer loop
      vertex 0.331653 1.66733 0
      vertex 0.413066 1.64905 2
      vertex 0.331653 1.66733 2
    endloop
  endfacet
  facet normal -0.21908 -0.975707 -0
    outer loop
      vertex 0.413066 1.64905 2
      vertex 0.331653 1.66733 0
      vertex 0.413066 1.64905 0
    endloop
  endfacet
  facet normal 0.405206 -0.914225 0
    outer loop
      vertex -0.726843 1.53678 0
      vertex -0.650561 1.57059 5
      vertex -0.726843 1.53678 5
    endloop
  endfacet
  facet normal 0.405206 -0.914225 0
    outer loop
      vertex -0.650561 1.57059 5
      vertex -0.726843 1.53678 0
      vertex -0.650561 1.57059 0
    endloop
  endfacet
  facet normal -0.492922 0.870074 0
    outer loop
      vertex 0.873974 -1.45814 0
      vertex 0.801374 -1.49927 5
      vertex 0.873974 -1.45814 5
    endloop
  endfacet
  facet normal -0.492922 0.870074 0
    outer loop
      vertex 0.801374 -1.49927 5
      vertex 0.873974 -1.45814 0
      vertex 0.801374 -1.49927 0
    endloop
  endfacet
  facet normal 0.997289 -0.0735856 0
    outer loop
      vertex -1.69795 0.083415 2
      vertex -1.69181 0.166629 0
      vertex -1.69181 0.166629 2
    endloop
  endfacet
  facet normal 0.997289 -0.0735856 0
    outer loop
      vertex -1.69181 0.166629 0
      vertex -1.69795 0.083415 2
      vertex -1.69795 0.083415 0
    endloop
  endfacet
  facet normal 0.975707 0.21908 0
    outer loop
      vertex -1.64905 -0.413066 2
      vertex -1.66733 -0.331653 0
      vertex -1.66733 -0.331653 2
    endloop
  endfacet
  facet normal 0.975707 0.21908 0
    outer loop
      vertex -1.66733 -0.331653 0
      vertex -1.64905 -0.413066 2
      vertex -1.64905 -0.413066 0
    endloop
  endfacet
  facet normal 0.615193 0.788377 -0
    outer loop
      vertex -1.01269 -1.36545 0
      vertex -1.07847 -1.31412 5
      vertex -1.01269 -1.36545 5
    endloop
  endfacet
  facet normal 0.615193 0.788377 0
    outer loop
      vertex -1.07847 -1.31412 5
      vertex -1.01269 -1.36545 0
      vertex -1.07847 -1.31412 0
    endloop
  endfacet
  facet normal -0.266661 -0.96379 0
    outer loop
      vertex 0.413066 1.64905 0
      vertex 0.493484 1.6268 2
      vertex 0.413066 1.64905 2
    endloop
  endfacet
  facet normal -0.266661 -0.96379 -0
    outer loop
      vertex 0.493484 1.6268 2
      vertex 0.413066 1.64905 0
      vertex 0.493484 1.6268 0
    endloop
  endfacet
  facet normal 0.21908 -0.975707 0
    outer loop
      vertex -0.413066 1.64905 0
      vertex -0.331653 1.66733 2
      vertex -0.413066 1.64905 2
    endloop
  endfacet
  facet normal 0.21908 -0.975707 0
    outer loop
      vertex -0.331653 1.66733 2
      vertex -0.413066 1.64905 0
      vertex -0.331653 1.66733 0
    endloop
  endfacet
  facet normal 0.997289 0.0735856 0
    outer loop
      vertex -1.69181 -0.166629 2
      vertex -1.69795 -0.083415 0
      vertex -1.69795 -0.083415 2
    endloop
  endfacet
  facet normal 0.997289 0.0735856 0
    outer loop
      vertex -1.69795 -0.083415 0
      vertex -1.69181 -0.166629 2
      vertex -1.69181 -0.166629 0
    endloop
  endfacet
  facet normal -0.405206 -0.914225 0
    outer loop
      vertex 0.650561 1.57059 0
      vertex 0.726843 1.53678 5
      vertex 0.650561 1.57059 5
    endloop
  endfacet
  facet normal -0.405206 -0.914225 -0
    outer loop
      vertex 0.726843 1.53678 5
      vertex 0.650561 1.57059 0
      vertex 0.726843 1.53678 0
    endloop
  endfacet
  facet normal 0.757206 0.653177 0
    outer loop
      vertex -1.25962 -1.14165 5
      vertex -1.31412 -1.07847 0
      vertex -1.31412 -1.07847 5
    endloop
  endfacet
  facet normal 0.757206 0.653177 0
    outer loop
      vertex -1.31412 -1.07847 0
      vertex -1.25962 -1.14165 5
      vertex -1.25962 -1.14165 0
    endloop
  endfacet
  facet normal -0.534999 -0.844853 0
    outer loop
      vertex 0.873974 1.45814 0
      vertex 0.944468 1.4135 5
      vertex 0.873974 1.45814 5
    endloop
  endfacet
  facet normal -0.534999 -0.844853 -0
    outer loop
      vertex 0.944468 1.4135 5
      vertex 0.873974 1.45814 0
      vertex 0.944468 1.4135 0
    endloop
  endfacet
  facet normal -0.0245685 0.999698 0
    outer loop
      vertex 0.083415 -1.69795 0
      vertex 0 -1.7 2
      vertex 0.083415 -1.69795 2
    endloop
  endfacet
  facet normal -0.0245685 0.999698 0
    outer loop
      vertex 0 -1.7 2
      vertex 0.083415 -1.69795 0
      vertex 0 -1.7 0
    endloop
  endfacet
  facet normal 0.492922 -0.870074 0
    outer loop
      vertex -0.873974 1.45814 0
      vertex -0.801374 1.49927 5
      vertex -0.873974 1.45814 5
    endloop
  endfacet
  facet normal 0.492922 -0.870074 0
    outer loop
      vertex -0.801374 1.49927 5
      vertex -0.873974 1.45814 0
      vertex -0.801374 1.49927 0
    endloop
  endfacet
  facet normal 0.359898 0.932991 -0
    outer loop
      vertex -0.572712 -1.60062 0
      vertex -0.650561 -1.57059 5
      vertex -0.572712 -1.60062 5
    endloop
  endfacet
  facet normal 0.359898 0.932991 0
    outer loop
      vertex -0.650561 -1.57059 5
      vertex -0.572712 -1.60062 0
      vertex -0.650561 -1.57059 0
    endloop
  endfacet
  facet normal 0.359898 -0.932991 0
    outer loop
      vertex -0.650561 1.57059 0
      vertex -0.572712 1.60062 5
      vertex -0.650561 1.57059 5
    endloop
  endfacet
  facet normal 0.359898 -0.932991 0
    outer loop
      vertex -0.572712 1.60062 5
      vertex -0.650561 1.57059 0
      vertex -0.572712 1.60062 0
    endloop
  endfacet
  facet normal -0.122365 0.992485 0
    outer loop
      vertex 0.249441 -1.6816 0
      vertex 0.166629 -1.69181 2
      vertex 0.249441 -1.6816 2
    endloop
  endfacet
  facet normal -0.122365 0.992485 0
    outer loop
      vertex 0.166629 -1.69181 2
      vertex 0.249441 -1.6816 0
      vertex 0.166629 -1.69181 0
    endloop
  endfacet
  facet normal -0.449556 0.893252 0
    outer loop
      vertex 0.801374 -1.49927 0
      vertex 0.726843 -1.53678 5
      vertex 0.801374 -1.49927 5
    endloop
  endfacet
  facet normal -0.449556 0.893252 0
    outer loop
      vertex 0.726843 -1.53678 5
      vertex 0.801374 -1.49927 0
      vertex 0.726843 -1.53678 0
    endloop
  endfacet
  facet normal 0.949505 -0.313753 0
    outer loop
      vertex -1.6268 0.493484 2
      vertex -1.60062 0.572712 0
      vertex -1.60062 0.572712 2
    endloop
  endfacet
  facet normal 0.949505 -0.313753 0
    outer loop
      vertex -1.60062 0.572712 0
      vertex -1.6268 0.493484 2
      vertex -1.6268 0.493484 0
    endloop
  endfacet
  facet normal 0.992485 -0.122365 0
    outer loop
      vertex -1.69181 0.166629 2
      vertex -1.6816 0.249441 0
      vertex -1.6816 0.249441 2
    endloop
  endfacet
  facet normal 0.992485 -0.122365 0
    outer loop
      vertex -1.6816 0.249441 0
      vertex -1.69181 0.166629 2
      vertex -1.69181 0.166629 0
    endloop
  endfacet
  facet normal -0.405206 0.914225 0
    outer loop
      vertex 0.726843 -1.53678 0
      vertex 0.650561 -1.57059 5
      vertex 0.726843 -1.53678 5
    endloop
  endfacet
  facet normal -0.405206 0.914225 0
    outer loop
      vertex 0.650561 -1.57059 5
      vertex 0.726843 -1.53678 0
      vertex 0.650561 -1.57059 0
    endloop
  endfacet
  facet normal 0.653177 -0.757206 0
    outer loop
      vertex -1.14165 1.25962 0
      vertex -1.07847 1.31412 5
      vertex -1.14165 1.25962 5
    endloop
  endfacet
  facet normal 0.653177 -0.757206 0
    outer loop
      vertex -1.07847 1.31412 5
      vertex -1.14165 1.25962 0
      vertex -1.07847 1.31412 0
    endloop
  endfacet
  facet normal 0.985268 0.171018 0
    outer loop
      vertex -1.66733 -0.331653 2
      vertex -1.6816 -0.249441 0
      vertex -1.6816 -0.249441 2
    endloop
  endfacet
  facet normal 0.985268 0.171018 0
    outer loop
      vertex -1.6816 -0.249441 0
      vertex -1.66733 -0.331653 2
      vertex -1.66733 -0.331653 0
    endloop
  endfacet
  facet normal -0.313672 0.949531 0
    outer loop
      vertex 0.572712 -1.60062 5
      vertex 0.5 -1.62464 2
      vertex 0.5 -1.62464 5
    endloop
  endfacet
  facet normal -0.313672 0.949531 0
    outer loop
      vertex 0.572712 -1.60062 0
      vertex 0.5 -1.62464 2
      vertex 0.572712 -1.60062 5
    endloop
  endfacet
  facet normal -0.313753 0.949505 -3.25738e-06
    outer loop
      vertex 0.493484 -1.6268 0
      vertex 0.5 -1.62464 2
      vertex 0.572712 -1.60062 0
    endloop
  endfacet
  facet normal -0.314654 0.949206 0
    outer loop
      vertex 0.5 -1.62464 2
      vertex 0.493484 -1.6268 0
      vertex 0.493484 -1.6268 2
    endloop
  endfacet
  facet normal -0.615193 -0.788377 0
    outer loop
      vertex 1.01269 1.36545 0
      vertex 1.07847 1.31412 5
      vertex 1.01269 1.36545 5
    endloop
  endfacet
  facet normal -0.615193 -0.788377 -0
    outer loop
      vertex 1.07847 1.31412 5
      vertex 1.01269 1.36545 0
      vertex 1.07847 1.31412 0
    endloop
  endfacet
  facet normal 0.932991 -0.359898 0
    outer loop
      vertex -1.60062 0.572712 2
      vertex -1.57059 0.650561 0
      vertex -1.57059 0.650561 2
    endloop
  endfacet
  facet normal 0.932991 -0.359898 0
    outer loop
      vertex -1.57059 0.650561 0
      vertex -1.60062 0.572712 2
      vertex -1.60062 0.572712 0
    endloop
  endfacet
  facet normal 0.449556 0.893252 -0
    outer loop
      vertex -0.726843 -1.53678 0
      vertex -0.801374 -1.49927 5
      vertex -0.726843 -1.53678 5
    endloop
  endfacet
  facet normal 0.449556 0.893252 0
    outer loop
      vertex -0.801374 -1.49927 5
      vertex -0.726843 -1.53678 0
      vertex -0.801374 -1.49927 0
    endloop
  endfacet
  facet normal -0.171018 -0.985268 0
    outer loop
      vertex 0.249441 1.6816 0
      vertex 0.331653 1.66733 2
      vertex 0.249441 1.6816 2
    endloop
  endfacet
  facet normal -0.171018 -0.985268 -0
    outer loop
      vertex 0.331653 1.66733 2
      vertex 0.249441 1.6816 0
      vertex 0.331653 1.66733 0
    endloop
  endfacet
  facet normal 0.992485 0.122365 0
    outer loop
      vertex -1.6816 -0.249441 2
      vertex -1.69181 -0.166629 0
      vertex -1.69181 -0.166629 2
    endloop
  endfacet
  facet normal 0.992485 0.122365 0
    outer loop
      vertex -1.69181 -0.166629 0
      vertex -1.6816 -0.249441 2
      vertex -1.6816 -0.249441 0
    endloop
  endfacet
  facet normal 0.575829 -0.81757 0
    outer loop
      vertex -1.01269 1.36545 0
      vertex -0.944468 1.4135 5
      vertex -1.01269 1.36545 5
    endloop
  endfacet
  facet normal 0.575829 -0.81757 0
    outer loop
      vertex -0.944468 1.4135 5
      vertex -1.01269 1.36545 0
      vertex -0.944468 1.4135 0
    endloop
  endfacet
  facet normal 0.122365 -0.992485 0
    outer loop
      vertex -0.249441 1.6816 0
      vertex -0.166629 1.69181 2
      vertex -0.249441 1.6816 2
    endloop
  endfacet
  facet normal 0.122365 -0.992485 0
    outer loop
      vertex -0.166629 1.69181 2
      vertex -0.249441 1.6816 0
      vertex -0.166629 1.69181 0
    endloop
  endfacet
  facet normal -0.359898 -0.932991 0
    outer loop
      vertex 0.572712 1.60062 0
      vertex 0.650561 1.57059 5
      vertex 0.572712 1.60062 5
    endloop
  endfacet
  facet normal -0.359898 -0.932991 -0
    outer loop
      vertex 0.650561 1.57059 5
      vertex 0.572712 1.60062 0
      vertex 0.650561 1.57059 0
    endloop
  endfacet
  facet normal -0.689581 0.724209 0
    outer loop
      vertex 1.2 -1.20406 0
      vertex 1.14165 -1.25962 5
      vertex 1.2 -1.20406 5
    endloop
  endfacet
  facet normal -0.689581 0.724209 0
    outer loop
      vertex 1.14165 -1.25962 5
      vertex 1.2 -1.20406 0
      vertex 1.14165 -1.25962 0
    endloop
  endfacet
  facet normal -0.575829 0.81757 0
    outer loop
      vertex 1.01269 -1.36545 0
      vertex 0.944468 -1.4135 5
      vertex 1.01269 -1.36545 5
    endloop
  endfacet
  facet normal -0.575829 0.81757 0
    outer loop
      vertex 0.944468 -1.4135 5
      vertex 1.01269 -1.36545 0
      vertex 0.944468 -1.4135 0
    endloop
  endfacet
  facet normal 0.999698 -0.0245685 0
    outer loop
      vertex -1.7 0 2
      vertex -1.69795 0.083415 0
      vertex -1.69795 0.083415 2
    endloop
  endfacet
  facet normal 0.999698 -0.0245685 0
    outer loop
      vertex -1.69795 0.083415 0
      vertex -1.7 0 2
      vertex -1.7 0 0
    endloop
  endfacet
  facet normal -0.653177 -0.757206 0
    outer loop
      vertex 1.07847 1.31412 0
      vertex 1.14165 1.25962 5
      vertex 1.07847 1.31412 5
    endloop
  endfacet
  facet normal -0.653177 -0.757206 -0
    outer loop
      vertex 1.14165 1.25962 5
      vertex 1.07847 1.31412 0
      vertex 1.14165 1.25962 0
    endloop
  endfacet
  facet normal -0.266661 0.96379 0
    outer loop
      vertex 0.493484 -1.6268 0
      vertex 0.413066 -1.64905 2
      vertex 0.493484 -1.6268 2
    endloop
  endfacet
  facet normal -0.266661 0.96379 0
    outer loop
      vertex 0.413066 -1.64905 2
      vertex 0.493484 -1.6268 0
      vertex 0.413066 -1.64905 0
    endloop
  endfacet
  facet normal 0.96379 0.266661 0
    outer loop
      vertex -1.6268 -0.493484 2
      vertex -1.64905 -0.413066 0
      vertex -1.64905 -0.413066 2
    endloop
  endfacet
  facet normal 0.96379 0.266661 0
    outer loop
      vertex -1.64905 -0.413066 0
      vertex -1.6268 -0.493484 2
      vertex -1.6268 -0.493484 0
    endloop
  endfacet
  facet normal 0.844853 -0.534999 0
    outer loop
      vertex -1.45814 0.873974 2
      vertex -1.4135 0.944468 0
      vertex -1.4135 0.944468 2
    endloop
  endfacet
  facet normal 0.844853 -0.534999 0
    outer loop
      vertex -1.4135 0.944468 0
      vertex -1.45814 0.873974 2
      vertex -1.45814 0.873974 0
    endloop
  endfacet
  facet normal 0.534999 -0.844853 0
    outer loop
      vertex -0.944468 1.4135 0
      vertex -0.873974 1.45814 5
      vertex -0.944468 1.4135 5
    endloop
  endfacet
  facet normal 0.534999 -0.844853 0
    outer loop
      vertex -0.873974 1.45814 5
      vertex -0.944468 1.4135 0
      vertex -0.873974 1.45814 0
    endloop
  endfacet
  facet normal 0.96379 -0.266661 0
    outer loop
      vertex -1.64905 0.413066 2
      vertex -1.6268 0.493484 0
      vertex -1.6268 0.493484 2
    endloop
  endfacet
  facet normal 0.96379 -0.266661 0
    outer loop
      vertex -1.6268 0.493484 0
      vertex -1.64905 0.413066 2
      vertex -1.64905 0.413066 0
    endloop
  endfacet
  facet normal 0.914225 -0.405206 0
    outer loop
      vertex -1.57059 0.650561 2
      vertex -1.53678 0.726843 0
      vertex -1.53678 0.726843 2
    endloop
  endfacet
  facet normal 0.914225 -0.405206 0
    outer loop
      vertex -1.53678 0.726843 0
      vertex -1.57059 0.650561 2
      vertex -1.57059 0.650561 0
    endloop
  endfacet
  facet normal 0.0245685 0.999698 -0
    outer loop
      vertex 0 -1.7 0
      vertex -0.083415 -1.69795 2
      vertex 0 -1.7 2
    endloop
  endfacet
  facet normal 0.0245685 0.999698 0
    outer loop
      vertex -0.083415 -1.69795 2
      vertex 0 -1.7 0
      vertex -0.083415 -1.69795 0
    endloop
  endfacet
  facet normal 0.171018 -0.985268 0
    outer loop
      vertex -0.331653 1.66733 0
      vertex -0.249441 1.6816 2
      vertex -0.331653 1.66733 2
    endloop
  endfacet
  facet normal 0.171018 -0.985268 0
    outer loop
      vertex -0.249441 1.6816 2
      vertex -0.331653 1.66733 0
      vertex -0.249441 1.6816 0
    endloop
  endfacet
  facet normal -0.171018 0.985268 0
    outer loop
      vertex 0.331653 -1.66733 0
      vertex 0.249441 -1.6816 2
      vertex 0.331653 -1.66733 2
    endloop
  endfacet
  facet normal -0.171018 0.985268 0
    outer loop
      vertex 0.249441 -1.6816 2
      vertex 0.331653 -1.66733 0
      vertex 0.249441 -1.6816 0
    endloop
  endfacet
  facet normal 0.975707 -0.21908 0
    outer loop
      vertex -1.66733 0.331653 2
      vertex -1.64905 0.413066 0
      vertex -1.64905 0.413066 2
    endloop
  endfacet
  facet normal 0.975707 -0.21908 0
    outer loop
      vertex -1.64905 0.413066 0
      vertex -1.66733 0.331653 2
      vertex -1.66733 0.331653 0
    endloop
  endfacet
  facet normal 0.788377 0.615193 0
    outer loop
      vertex -1.31412 -1.07847 5
      vertex -1.36545 -1.01269 0
      vertex -1.36545 -1.01269 5
    endloop
  endfacet
  facet normal 0.788377 0.615193 0
    outer loop
      vertex -1.36545 -1.01269 0
      vertex -1.31412 -1.07847 5
      vertex -1.31412 -1.07847 0
    endloop
  endfacet
  facet normal -0.122365 -0.992485 0
    outer loop
      vertex 0.166629 1.69181 0
      vertex 0.249441 1.6816 2
      vertex 0.166629 1.69181 2
    endloop
  endfacet
  facet normal -0.122365 -0.992485 -0
    outer loop
      vertex 0.249441 1.6816 2
      vertex 0.166629 1.69181 0
      vertex 0.249441 1.6816 0
    endloop
  endfacet
  facet normal -0.0735856 -0.997289 0
    outer loop
      vertex 0.083415 1.69795 0
      vertex 0.166629 1.69181 2
      vertex 0.083415 1.69795 2
    endloop
  endfacet
  facet normal -0.0735856 -0.997289 -0
    outer loop
      vertex 0.166629 1.69181 2
      vertex 0.083415 1.69795 0
      vertex 0.166629 1.69181 0
    endloop
  endfacet
  facet normal 0.266661 -0.96379 0
    outer loop
      vertex -0.493484 1.6268 0
      vertex -0.413066 1.64905 2
      vertex -0.493484 1.6268 2
    endloop
  endfacet
  facet normal 0.266661 -0.96379 0
    outer loop
      vertex -0.413066 1.64905 2
      vertex -0.493484 1.6268 0
      vertex -0.413066 1.64905 0
    endloop
  endfacet
  facet normal 0.653177 0.757206 -0
    outer loop
      vertex -1.07847 -1.31412 0
      vertex -1.14165 -1.25962 5
      vertex -1.07847 -1.31412 5
    endloop
  endfacet
  facet normal 0.653177 0.757206 0
    outer loop
      vertex -1.14165 -1.25962 5
      vertex -1.07847 -1.31412 0
      vertex -1.14165 -1.25962 0
    endloop
  endfacet
  facet normal 0.817503 0.575924 0
    outer loop
      vertex -1.37439 -1 5
      vertex -1.36545 -1.01269 5
      vertex -1.37439 -1 2
    endloop
  endfacet
  facet normal 0.817585 0.575808 0
    outer loop
      vertex -1.37439 -1 2
      vertex -1.4135 -0.944468 0
      vertex -1.4135 -0.944468 2
    endloop
  endfacet
  facet normal 0.81757 0.575829 8.99876e-07
    outer loop
      vertex -1.37439 -1 2
      vertex -1.36545 -1.01269 0
      vertex -1.4135 -0.944468 0
    endloop
  endfacet
  facet normal 0.817503 0.575924 -0
    outer loop
      vertex -1.36545 -1.01269 0
      vertex -1.37439 -1 2
      vertex -1.36545 -1.01269 5
    endloop
  endfacet
  facet normal -0.689581 -0.724209 0
    outer loop
      vertex 1.14165 1.25962 0
      vertex 1.2 1.20406 5
      vertex 1.14165 1.25962 5
    endloop
  endfacet
  facet normal -0.689581 -0.724209 -0
    outer loop
      vertex 1.2 1.20406 5
      vertex 1.14165 1.25962 0
      vertex 1.2 1.20406 0
    endloop
  endfacet
  facet normal 0.575829 0.81757 -0
    outer loop
      vertex -0.944468 -1.4135 0
      vertex -1.01269 -1.36545 5
      vertex -0.944468 -1.4135 5
    endloop
  endfacet
  facet normal 0.575829 0.81757 0
    outer loop
      vertex -1.01269 -1.36545 5
      vertex -0.944468 -1.4135 0
      vertex -1.01269 -1.36545 0
    endloop
  endfacet
  facet normal -0.0735856 0.997289 0
    outer loop
      vertex 0.166629 -1.69181 0
      vertex 0.083415 -1.69795 2
      vertex 0.166629 -1.69181 2
    endloop
  endfacet
  facet normal -0.0735856 0.997289 0
    outer loop
      vertex 0.083415 -1.69795 2
      vertex 0.166629 -1.69181 0
      vertex 0.083415 -1.69795 0
    endloop
  endfacet
  facet normal 0.914225 0.405206 0
    outer loop
      vertex -1.53678 -0.726843 2
      vertex -1.57059 -0.650561 0
      vertex -1.57059 -0.650561 2
    endloop
  endfacet
  facet normal 0.914225 0.405206 0
    outer loop
      vertex -1.57059 -0.650561 0
      vertex -1.53678 -0.726843 2
      vertex -1.53678 -0.726843 0
    endloop
  endfacet
  facet normal 0.724212 0.689577 0
    outer loop
      vertex -1.20208 -1.20208 5
      vertex -1.25962 -1.14165 0
      vertex -1.25962 -1.14165 5
    endloop
  endfacet
  facet normal 0.724212 0.689577 0
    outer loop
      vertex -1.25962 -1.14165 0
      vertex -1.20208 -1.20208 5
      vertex -1.20208 -1.20208 0
    endloop
  endfacet
  facet normal 0.266661 0.96379 -0
    outer loop
      vertex -0.413066 -1.64905 0
      vertex -0.493484 -1.6268 2
      vertex -0.413066 -1.64905 2
    endloop
  endfacet
  facet normal 0.266661 0.96379 0
    outer loop
      vertex -0.493484 -1.6268 2
      vertex -0.413066 -1.64905 0
      vertex -0.493484 -1.6268 0
    endloop
  endfacet
  facet normal -0.0245685 -0.999698 0
    outer loop
      vertex 0 1.7 0
      vertex 0.083415 1.69795 2
      vertex 0 1.7 2
    endloop
  endfacet
  facet normal -0.0245685 -0.999698 -0
    outer loop
      vertex 0.083415 1.69795 2
      vertex 0 1.7 0
      vertex 0.083415 1.69795 0
    endloop
  endfacet
  facet normal -0.534999 0.844853 0
    outer loop
      vertex 0.944468 -1.4135 0
      vertex 0.873974 -1.45814 5
      vertex 0.944468 -1.4135 5
    endloop
  endfacet
  facet normal -0.534999 0.844853 0
    outer loop
      vertex 0.873974 -1.45814 5
      vertex 0.944468 -1.4135 0
      vertex 0.873974 -1.45814 0
    endloop
  endfacet
  facet normal 0.171018 0.985268 -0
    outer loop
      vertex -0.249441 -1.6816 0
      vertex -0.331653 -1.66733 2
      vertex -0.249441 -1.6816 2
    endloop
  endfacet
  facet normal 0.171018 0.985268 0
    outer loop
      vertex -0.331653 -1.66733 2
      vertex -0.249441 -1.6816 0
      vertex -0.331653 -1.66733 0
    endloop
  endfacet
  facet normal 0 0 -1
    outer loop
      vertex -0.5 1 5
      vertex -0.572712 1.60062 5
      vertex -0.5 1.62464 5
    endloop
  endfacet
  facet normal 0 0 -1
    outer loop
      vertex -0.5 1 5
      vertex -0.650561 1.57059 5
      vertex -0.572712 1.60062 5
    endloop
  endfacet
  facet normal 0 0 -1
    outer loop
      vertex -0.5 1 5
      vertex -0.726843 1.53678 5
      vertex -0.650561 1.57059 5
    endloop
  endfacet
  facet normal 0 0 -1
    outer loop
      vertex -0.5 1 5
      vertex -0.801374 1.49927 5
      vertex -0.726843 1.53678 5
    endloop
  endfacet
  facet normal 0 0 -1
    outer loop
      vertex -0.5 1 5
      vertex -0.873974 1.45814 5
      vertex -0.801374 1.49927 5
    endloop
  endfacet
  facet normal 0 0 -1
    outer loop
      vertex -0.5 1 5
      vertex -0.944468 1.4135 5
      vertex -0.873974 1.45814 5
    endloop
  endfacet
  facet normal 0 0 -1
    outer loop
      vertex -0.5 1 5
      vertex -1.01269 1.36545 5
      vertex -0.944468 1.4135 5
    endloop
  endfacet
  facet normal 0 0 -1
    outer loop
      vertex -0.5 1 5
      vertex -1.07847 1.31412 5
      vertex -1.01269 1.36545 5
    endloop
  endfacet
  facet normal 0 0 -1
    outer loop
      vertex -0.5 1 5
      vertex -1.14165 1.25962 5
      vertex -1.07847 1.31412 5
    endloop
  endfacet
  facet normal 0 0 -1
    outer loop
      vertex -0.5 1 5
      vertex -1.20208 1.20208 5
      vertex -1.14165 1.25962 5
    endloop
  endfacet
  facet normal 0 0 -1
    outer loop
      vertex -0.5 1 5
      vertex -1.25962 1.14165 5
      vertex -1.20208 1.20208 5
    endloop
  endfacet
  facet normal 0 0 -1
    outer loop
      vertex -0.5 1 5
      vertex -1.31412 1.07847 5
      vertex -1.25962 1.14165 5
    endloop
  endfacet
  facet normal 0 0 -1
    outer loop
      vertex -0.5 1 5
      vertex -1.36545 1.01269 5
      vertex -1.31412 1.07847 5
    endloop
  endfacet
  facet normal 0 -0 -1
    outer loop
      vertex -1.36545 1.01269 5
      vertex -0.5 1 5
      vertex -1.37439 1 5
    endloop
  endfacet
  facet normal 0 0 -1
    outer loop
      vertex 1.14165 -1.25962 5
      vertex 1.2 -1 5
      vertex 1.2 -1.20406 5
    endloop
  endfacet
  facet normal 0 0 -1
    outer loop
      vertex 1.07847 -1.31412 5
      vertex 1.2 -1 5
      vertex 1.14165 -1.25962 5
    endloop
  endfacet
  facet normal 0 0 -1
    outer loop
      vertex 0.5 -1 5
      vertex 1.07847 -1.31412 5
      vertex 1.01269 -1.36545 5
    endloop
  endfacet
  facet normal 0 0 -1
    outer loop
      vertex 0.5 -1 5
      vertex 1.01269 -1.36545 5
      vertex 0.944468 -1.4135 5
    endloop
  endfacet
  facet normal 0 0 -1
    outer loop
      vertex 0.5 -1 5
      vertex 0.944468 -1.4135 5
      vertex 0.873974 -1.45814 5
    endloop
  endfacet
  facet normal 0 0 -1
    outer loop
      vertex 0.5 -1 5
      vertex 0.873974 -1.45814 5
      vertex 0.801374 -1.49927 5
    endloop
  endfacet
  facet normal 0 0 -1
    outer loop
      vertex 0.5 -1 5
      vertex 0.801374 -1.49927 5
      vertex 0.726843 -1.53678 5
    endloop
  endfacet
  facet normal 0 0 -1
    outer loop
      vertex 0.5 -1 5
      vertex 0.726843 -1.53678 5
      vertex 0.650561 -1.57059 5
    endloop
  endfacet
  facet normal 0 0 -1
    outer loop
      vertex 0.5 -1 5
      vertex 0.650561 -1.57059 5
      vertex 0.572712 -1.60062 5
    endloop
  endfacet
  facet normal 0 0 -1
    outer loop
      vertex 0.5 -1 5
      vertex 0.572712 -1.60062 5
      vertex 0.5 -1.62464 5
    endloop
  endfacet
  facet normal 0 0 -1
    outer loop
      vertex 1.07847 -1.31412 5
      vertex 0.5 -1 5
      vertex 1.2 -1 5
    endloop
  endfacet
  facet normal 0 0 -1
    outer loop
      vertex 1.2 1 5
      vertex 1.14165 1.25962 5
      vertex 1.2 1.20406 5
    endloop
  endfacet
  facet normal 0 0 -1
    outer loop
      vertex 1.2 1 5
      vertex 1.07847 1.31412 5
      vertex 1.14165 1.25962 5
    endloop
  endfacet
  facet normal 0 0 -1
    outer loop
      vertex 0.5 1 5
      vertex 1.07847 1.31412 5
      vertex 1.2 1 5
    endloop
  endfacet
  facet normal -0 0 -1
    outer loop
      vertex 1.07847 1.31412 5
      vertex 0.5 1 5
      vertex 1.01269 1.36545 5
    endloop
  endfacet
  facet normal -0 0 -1
    outer loop
      vertex 1.01269 1.36545 5
      vertex 0.5 1 5
      vertex 0.944468 1.4135 5
    endloop
  endfacet
  facet normal -0 0 -1
    outer loop
      vertex 0.944468 1.4135 5
      vertex 0.5 1 5
      vertex 0.873974 1.45814 5
    endloop
  endfacet
  facet normal -0 0 -1
    outer loop
      vertex 0.873974 1.45814 5
      vertex 0.5 1 5
      vertex 0.801374 1.49927 5
    endloop
  endfacet
  facet normal -0 0 -1
    outer loop
      vertex 0.801374 1.49927 5
      vertex 0.5 1 5
      vertex 0.726843 1.53678 5
    endloop
  endfacet
  facet normal -0 0 -1
    outer loop
      vertex 0.726843 1.53678 5
      vertex 0.5 1 5
      vertex 0.650561 1.57059 5
    endloop
  endfacet
  facet normal -0 0 -1
    outer loop
      vertex 0.650561 1.57059 5
      vertex 0.5 1 5
      vertex 0.572712 1.60062 5
    endloop
  endfacet
  facet normal -0 0 -1
    outer loop
      vertex 0.572712 1.60062 5
      vertex 0.5 1 5
      vertex 0.5 1.62464 5
    endloop
  endfacet
  facet normal 0 0 -1
    outer loop
      vertex -0.572712 -1.60062 5
      vertex -0.5 -1 5
      vertex -0.5 -1.62464 5
    endloop
  endfacet
  facet normal 0 0 -1
    outer loop
      vertex -0.650561 -1.57059 5
      vertex -0.5 -1 5
      vertex -0.572712 -1.60062 5
    endloop
  endfacet
  facet normal 0 0 -1
    outer loop
      vertex -0.726843 -1.53678 5
      vertex -0.5 -1 5
      vertex -0.650561 -1.57059 5
    endloop
  endfacet
  facet normal 0 0 -1
    outer loop
      vertex -0.801374 -1.49927 5
      vertex -0.5 -1 5
      vertex -0.726843 -1.53678 5
    endloop
  endfacet
  facet normal 0 0 -1
    outer loop
      vertex -0.873974 -1.45814 5
      vertex -0.5 -1 5
      vertex -0.801374 -1.49927 5
    endloop
  endfacet
  facet normal 0 0 -1
    outer loop
      vertex -0.944468 -1.4135 5
      vertex -0.5 -1 5
      vertex -0.873974 -1.45814 5
    endloop
  endfacet
  facet normal 0 0 -1
    outer loop
      vertex -1.01269 -1.36545 5
      vertex -0.5 -1 5
      vertex -0.944468 -1.4135 5
    endloop
  endfacet
  facet normal 0 0 -1
    outer loop
      vertex -1.07847 -1.31412 5
      vertex -0.5 -1 5
      vertex -1.01269 -1.36545 5
    endloop
  endfacet
  facet normal 0 0 -1
    outer loop
      vertex -1.14165 -1.25962 5
      vertex -0.5 -1 5
      vertex -1.07847 -1.31412 5
    endloop
  endfacet
  facet normal 0 0 -1
    outer loop
      vertex -1.20208 -1.20208 5
      vertex -0.5 -1 5
      vertex -1.14165 -1.25962 5
    endloop
  endfacet
  facet normal 0 0 -1
    outer loop
      vertex -1.25962 -1.14165 5
      vertex -0.5 -1 5
      vertex -1.20208 -1.20208 5
    endloop
  endfacet
  facet normal 0 0 -1
    outer loop
      vertex -1.31412 -1.07847 5
      vertex -0.5 -1 5
      vertex -1.25962 -1.14165 5
    endloop
  endfacet
  facet normal 0 0 -1
    outer loop
      vertex -1.36545 -1.01269 5
      vertex -0.5 -1 5
      vertex -1.31412 -1.07847 5
    endloop
  endfacet
  facet normal -0 0 -1
    outer loop
      vertex -0.5 -1 5
      vertex -1.36545 -1.01269 5
      vertex -1.37439 -1 5
    endloop
  endfacet
  facet normal 0.788377 -0.615193 0
    outer loop
      vertex -1.36545 1.01269 5
      vertex -1.31412 1.07847 0
      vertex -1.31412 1.07847 5
    endloop
  endfacet
  facet normal 0.788377 -0.615193 0
    outer loop
      vertex -1.31412 1.07847 0
      vertex -1.36545 1.01269 5
      vertex -1.36545 1.01269 0
    endloop
  endfacet
  facet normal 0.0735856 0.997289 -0
    outer loop
      vertex -0.083415 -1.69795 0
      vertex -0.166629 -1.69181 2
      vertex -0.083415 -1.69795 2
    endloop
  endfacet
  facet normal 0.0735856 0.997289 0
    outer loop
      vertex -0.166629 -1.69181 2
      vertex -0.083415 -1.69795 0
      vertex -0.166629 -1.69181 0
    endloop
  endfacet
  facet normal 0.313672 -0.949531 0
    outer loop
      vertex -0.572712 1.60062 5
      vertex -0.5 1.62464 2
      vertex -0.5 1.62464 5
    endloop
  endfacet
  facet normal 0.313672 -0.949531 0
    outer loop
      vertex -0.572712 1.60062 0
      vertex -0.5 1.62464 2
      vertex -0.572712 1.60062 5
    endloop
  endfacet
  facet normal 0.313753 -0.949505 -3.25738e-06
    outer loop
      vertex -0.493484 1.6268 0
      vertex -0.5 1.62464 2
      vertex -0.572712 1.60062 0
    endloop
  endfacet
  facet normal 0.314654 -0.949206 0
    outer loop
      vertex -0.5 1.62464 2
      vertex -0.493484 1.6268 0
      vertex -0.493484 1.6268 2
    endloop
  endfacet
  facet normal 0.949505 0.313753 0
    outer loop
      vertex -1.60062 -0.572712 2
      vertex -1.6268 -0.493484 0
      vertex -1.6268 -0.493484 2
    endloop
  endfacet
  facet normal 0.949505 0.313753 0
    outer loop
      vertex -1.6268 -0.493484 0
      vertex -1.60062 -0.572712 2
      vertex -1.60062 -0.572712 0
    endloop
  endfacet
  facet normal -0.615193 0.788377 0
    outer loop
      vertex 1.07847 -1.31412 0
      vertex 1.01269 -1.36545 5
      vertex 1.07847 -1.31412 5
    endloop
  endfacet
  facet normal -0.615193 0.788377 0
    outer loop
      vertex 1.01269 -1.36545 5
      vertex 1.07847 -1.31412 0
      vertex 1.01269 -1.36545 0
    endloop
  endfacet
  facet normal 0.21908 0.975707 -0
    outer loop
      vertex -0.331653 -1.66733 0
      vertex -0.413066 -1.64905 2
      vertex -0.331653 -1.66733 2
    endloop
  endfacet
  facet normal 0.21908 0.975707 0
    outer loop
      vertex -0.413066 -1.64905 2
      vertex -0.331653 -1.66733 0
      vertex -0.413066 -1.64905 0
    endloop
  endfacet
  facet normal 0.817503 -0.575924 0
    outer loop
      vertex -1.37439 1 2
      vertex -1.36545 1.01269 5
      vertex -1.37439 1 5
    endloop
  endfacet
  facet normal 0.817503 -0.575924 0
    outer loop
      vertex -1.36545 1.01269 5
      vertex -1.37439 1 2
      vertex -1.36545 1.01269 0
    endloop
  endfacet
  facet normal 0.817585 -0.575808 1.10553e-06
    outer loop
      vertex -1.4135 0.944468 2
      vertex -1.36545 1.01269 0
      vertex -1.37439 1 2
    endloop
  endfacet
  facet normal 0.81757 -0.575829 0
    outer loop
      vertex -1.36545 1.01269 0
      vertex -1.4135 0.944468 2
      vertex -1.4135 0.944468 0
    endloop
  endfacet
  facet normal 0.757206 -0.653177 0
    outer loop
      vertex -1.31412 1.07847 5
      vertex -1.25962 1.14165 0
      vertex -1.25962 1.14165 5
    endloop
  endfacet
  facet normal 0.757206 -0.653177 0
    outer loop
      vertex -1.25962 1.14165 0
      vertex -1.31412 1.07847 5
      vertex -1.31412 1.07847 0
    endloop
  endfacet
  facet normal 0.870074 -0.492922 0
    outer loop
      vertex -1.49927 0.801374 2
      vertex -1.45814 0.873974 0
      vertex -1.45814 0.873974 2
    endloop
  endfacet
  facet normal 0.870074 -0.492922 0
    outer loop
      vertex -1.45814 0.873974 0
      vertex -1.49927 0.801374 2
      vertex -1.49927 0.801374 0
    endloop
  endfacet
  facet normal 0.449556 -0.893252 0
    outer loop
      vertex -0.801374 1.49927 0
      vertex -0.726843 1.53678 5
      vertex -0.801374 1.49927 5
    endloop
  endfacet
  facet normal 0.449556 -0.893252 0
    outer loop
      vertex -0.726843 1.53678 5
      vertex -0.801374 1.49927 0
      vertex -0.726843 1.53678 0
    endloop
  endfacet
  facet normal 0.844853 0.534999 0
    outer loop
      vertex -1.4135 -0.944468 2
      vertex -1.45814 -0.873974 0
      vertex -1.45814 -0.873974 2
    endloop
  endfacet
  facet normal 0.844853 0.534999 0
    outer loop
      vertex -1.45814 -0.873974 0
      vertex -1.4135 -0.944468 2
      vertex -1.4135 -0.944468 0
    endloop
  endfacet
  facet normal 0.405206 0.914225 -0
    outer loop
      vertex -0.650561 -1.57059 0
      vertex -0.726843 -1.53678 5
      vertex -0.650561 -1.57059 5
    endloop
  endfacet
  facet normal 0.405206 0.914225 0
    outer loop
      vertex -0.726843 -1.53678 5
      vertex -0.650561 -1.57059 0
      vertex -0.726843 -1.53678 0
    endloop
  endfacet
  facet normal 0.893252 -0.449556 0
    outer loop
      vertex -1.53678 0.726843 2
      vertex -1.49927 0.801374 0
      vertex -1.49927 0.801374 2
    endloop
  endfacet
  facet normal 0.893252 -0.449556 0
    outer loop
      vertex -1.49927 0.801374 0
      vertex -1.53678 0.726843 2
      vertex -1.53678 0.726843 0
    endloop
  endfacet
  facet normal -1 0 0
    outer loop
      vertex 1.2 1.20406 0
      vertex 1.2 1 2
      vertex 1.2 1.20406 5
    endloop
  endfacet
  facet normal -1 0 0
    outer loop
      vertex 1.2 0.5 0
      vertex 1.2 1 2
      vertex 1.2 1.20406 0
    endloop
  endfacet
  facet normal -1 -0 0
    outer loop
      vertex 1.2 1 2
      vertex 1.2 0.5 0
      vertex 1.2 0.5 2
    endloop
  endfacet
  facet normal -1 -0 0
    outer loop
      vertex 1.2 1.20406 5
      vertex 1.2 1 2
      vertex 1.2 1 5
    endloop
  endfacet
  facet normal -1 0 0
    outer loop
      vertex 1.2 -0.5 0
      vertex 1.2 -1 2
      vertex 1.2 -0.5 2
    endloop
  endfacet
  facet normal -1 0 0
    outer loop
      vertex 1.2 -1.20406 0
      vertex 1.2 -1 2
      vertex 1.2 -0.5 0
    endloop
  endfacet
  facet normal -1 0 0
    outer loop
      vertex 1.2 -1.20406 5
      vertex 1.2 -1 2
      vertex 1.2 -1.20406 0
    endloop
  endfacet
  facet normal -1 0 0
    outer loop
      vertex 1.2 -1 2
      vertex 1.2 -1.20406 5
      vertex 1.2 -1 5
    endloop
  endfacet
  facet normal -0.757218 -0.653162 0
    outer loop
      vertex -2.9638 -2.68624 0
      vertex -3.09204 -2.53757 10
      vertex -3.09204 -2.53757 0
    endloop
  endfacet
  facet normal -0.757218 -0.653162 0
    outer loop
      vertex -3.09204 -2.53757 10
      vertex -2.9638 -2.68624 0
      vertex -2.9638 -2.68624 10
    endloop
  endfacet
  facet normal 0.992481 0.122402 0
    outer loop
      vertex 3.96743 0.5 2
      vertex 3.95671 0.586922 0
      vertex 3.95671 0.586922 2
    endloop
  endfacet
  facet normal 0.992481 0.122402 0
    outer loop
      vertex 3.95671 0.586922 0
      vertex 3.96743 0.5 2
      vertex 3.96743 0.5 0
    endloop
  endfacet
  facet normal -0.932987 0.359911 0
    outer loop
      vertex -3.76618 1.34756 0
      vertex -3.69552 1.53073 10
      vertex -3.69552 1.53073 0
    endloop
  endfacet
  facet normal -0.932987 0.359911 0
    outer loop
      vertex -3.69552 1.53073 10
      vertex -3.76618 1.34756 0
      vertex -3.76618 1.34756 10
    endloop
  endfacet
  facet normal -0.817587 -0.575805 0
    outer loop
      vertex -3.21283 -2.3828 0
      vertex -3.32588 -2.22228 10
      vertex -3.32588 -2.22228 0
    endloop
  endfacet
  facet normal -0.817587 -0.575805 0
    outer loop
      vertex -3.32588 -2.22228 10
      vertex -3.21283 -2.3828 0
      vertex -3.21283 -2.3828 10
    endloop
  endfacet
  facet normal 0.0735497 -0.997292 0
    outer loop
      vertex 0.19627 -3.99518 0
      vertex 0.392068 -3.98074 2
      vertex 0.19627 -3.99518 2
    endloop
  endfacet
  facet normal 0.0735497 -0.997292 0
    outer loop
      vertex 0.392068 -3.98074 2
      vertex 0.19627 -3.99518 0
      vertex 0.392068 -3.98074 0
    endloop
  endfacet
  facet normal -0.975698 0.219121 0
    outer loop
      vertex -3.92314 0.780361 0
      vertex -3.88012 0.97192 2
      vertex -3.88012 0.97192 0
    endloop
  endfacet
  facet normal -0.975698 0.219121 0
    outer loop
      vertex -3.88012 0.97192 2
      vertex -3.92314 0.780361 0
      vertex -3.92314 0.780361 2
    endloop
  endfacet
  facet normal -0.870083 0.492905 0
    outer loop
      vertex -3.52768 1.88559 0
      vertex -3.43091 2.05641 10
      vertex -3.43091 2.05641 0
    endloop
  endfacet
  facet normal -0.870083 0.492905 0
    outer loop
      vertex -3.43091 2.05641 10
      vertex -3.52768 1.88559 0
      vertex -3.52768 1.88559 10
    endloop
  endfacet
  facet normal -0.999699 0.0245506 0
    outer loop
      vertex -4 0 0
      vertex -3.99518 0.19627 2
      vertex -3.99518 0.19627 0
    endloop
  endfacet
  facet normal -0.999699 0.0245506 0
    outer loop
      vertex -3.99518 0.19627 2
      vertex -4 0 0
      vertex -4 0 2
    endloop
  endfacet
  facet normal 0.0245506 0.999699 -0
    outer loop
      vertex 0.19627 3.99518 0
      vertex 0 4 2
      vertex 0.19627 3.99518 2
    endloop
  endfacet
  facet normal 0.0245506 0.999699 0
    outer loop
      vertex 0 4 2
      vertex 0.19627 3.99518 0
      vertex 0 4 0
    endloop
  endfacet
  facet normal 0.534976 0.844867 -0
    outer loop
      vertex 2.22228 3.32588 0
      vertex 2.05641 3.43091 10
      vertex 2.22228 3.32588 10
    endloop
  endfacet
  facet normal 0.534976 0.844867 0
    outer loop
      vertex 2.05641 3.43091 10
      vertex 2.22228 3.32588 0
      vertex 2.05641 3.43091 0
    endloop
  endfacet
  facet normal -0.949536 -0.313659 0
    outer loop
      vertex -3.76618 -1.34756 0
      vertex -3.82776 -1.16114 10
      vertex -3.82776 -1.16114 0
    endloop
  endfacet
  facet normal -0.949536 -0.313659 0
    outer loop
      vertex -3.82776 -1.16114 10
      vertex -3.76618 -1.34756 0
      vertex -3.76618 -1.34756 10
    endloop
  endfacet
  facet normal -0.949536 0.313659 0
    outer loop
      vertex -3.82776 1.16114 0
      vertex -3.76618 1.34756 10
      vertex -3.76618 1.34756 0
    endloop
  endfacet
  facet normal -0.949536 0.313659 0
    outer loop
      vertex -3.76618 1.34756 10
      vertex -3.82776 1.16114 0
      vertex -3.82776 1.16114 10
    endloop
  endfacet
  facet normal 0.893212 0.449636 0
    outer loop
      vertex 3.61596 1.71022 10
      vertex 3.52768 1.88559 0
      vertex 3.52768 1.88559 10
    endloop
  endfacet
  facet normal 0.893212 0.449636 0
    outer loop
      vertex 3.52768 1.88559 0
      vertex 3.61596 1.71022 10
      vertex 3.61596 1.71022 0
    endloop
  endfacet
  facet normal 0.492905 -0.870083 0
    outer loop
      vertex 1.88559 -3.52768 0
      vertex 2.05641 -3.43091 10
      vertex 1.88559 -3.52768 10
    endloop
  endfacet
  facet normal 0.492905 -0.870083 0
    outer loop
      vertex 2.05641 -3.43091 10
      vertex 1.88559 -3.52768 0
      vertex 2.05641 -3.43091 0
    endloop
  endfacet
  facet normal -0.992481 -0.122396 0
    outer loop
      vertex -3.95671 -0.586922 0
      vertex -3.98074 -0.392068 2
      vertex -3.98074 -0.392068 0
    endloop
  endfacet
  facet normal -0.992481 -0.122396 0
    outer loop
      vertex -3.98074 -0.392068 2
      vertex -3.95671 -0.586922 0
      vertex -3.95671 -0.586922 2
    endloop
  endfacet
  facet normal 0.615252 0.788331 -0
    outer loop
      vertex 2.53757 3.09204 0
      vertex 2.3828 3.21283 10
      vertex 2.53757 3.09204 10
    endloop
  endfacet
  facet normal 0.615252 0.788331 0
    outer loop
      vertex 2.3828 3.21283 10
      vertex 2.53757 3.09204 0
      vertex 2.3828 3.21283 0
    endloop
  endfacet
  facet normal -0.534976 0.844867 0
    outer loop
      vertex -2.05641 3.43091 0
      vertex -2.22228 3.32588 10
      vertex -2.05641 3.43091 10
    endloop
  endfacet
  facet normal -0.534976 0.844867 0
    outer loop
      vertex -2.22228 3.32588 10
      vertex -2.05641 3.43091 0
      vertex -2.22228 3.32588 0
    endloop
  endfacet
  facet normal -0.0245506 -0.999699 0
    outer loop
      vertex -0.19627 -3.99518 0
      vertex 0 -4 2
      vertex -0.19627 -3.99518 2
    endloop
  endfacet
  facet normal -0.0245506 -0.999699 -0
    outer loop
      vertex 0 -4 2
      vertex -0.19627 -3.99518 0
      vertex 0 -4 0
    endloop
  endfacet
  facet normal -0.870083 -0.492905 0
    outer loop
      vertex -3.43091 -2.05641 0
      vertex -3.52768 -1.88559 10
      vertex -3.52768 -1.88559 0
    endloop
  endfacet
  facet normal -0.870083 -0.492905 0
    outer loop
      vertex -3.52768 -1.88559 10
      vertex -3.43091 -2.05641 0
      vertex -3.43091 -2.05641 10
    endloop
  endfacet
  facet normal 0.405231 -0.914214 0
    outer loop
      vertex 1.53073 -3.69552 0
      vertex 1.71022 -3.61596 10
      vertex 1.53073 -3.69552 10
    endloop
  endfacet
  facet normal 0.405231 -0.914214 0
    outer loop
      vertex 1.71022 -3.61596 10
      vertex 1.53073 -3.69552 0
      vertex 1.71022 -3.61596 0
    endloop
  endfacet
  facet normal 0.949536 -0.313659 0
    outer loop
      vertex 3.76618 -1.34756 10
      vertex 3.82776 -1.16114 0
      vertex 3.82776 -1.16114 10
    endloop
  endfacet
  facet normal 0.949536 -0.313659 0
    outer loop
      vertex 3.82776 -1.16114 0
      vertex 3.76618 -1.34756 10
      vertex 3.76618 -1.34756 0
    endloop
  endfacet
  facet normal 0.985273 -0.170987 0
    outer loop
      vertex 3.92314 -0.780361 2
      vertex 3.95671 -0.586922 0
      vertex 3.95671 -0.586922 2
    endloop
  endfacet
  facet normal 0.985273 -0.170987 0
    outer loop
      vertex 3.95671 -0.586922 0
      vertex 3.92314 -0.780361 2
      vertex 3.92314 -0.780361 0
    endloop
  endfacet
  facet normal 0.963781 0.266694 -0
    outer loop
      vertex 3.87235 1 2
      vertex 3.82776 1.16114 10
      vertex 3.87235 1 10
    endloop
  endfacet
  facet normal 0.963781 0.266694 0
    outer loop
      vertex 3.82776 1.16114 10
      vertex 3.87235 1 2
      vertex 3.82776 1.16114 0
    endloop
  endfacet
  facet normal 0.963783 0.266688 -0
    outer loop
      vertex 3.88012 0.97192 0
      vertex 3.87235 1 2
      vertex 3.88012 0.97192 2
    endloop
  endfacet
  facet normal 0.963782 0.266693 -7.48736e-08
    outer loop
      vertex 3.87235 1 2
      vertex 3.88012 0.97192 0
      vertex 3.82776 1.16114 0
    endloop
  endfacet
  facet normal -0.0245506 0.999699 0
    outer loop
      vertex 0 4 0
      vertex -0.19627 3.99518 2
      vertex 0 4 2
    endloop
  endfacet
  facet normal -0.0245506 0.999699 0
    outer loop
      vertex -0.19627 3.99518 2
      vertex 0 4 0
      vertex -0.19627 3.99518 0
    endloop
  endfacet
  facet normal -0.985273 -0.170987 0
    outer loop
      vertex -3.92314 -0.780361 0
      vertex -3.95671 -0.586922 2
      vertex -3.95671 -0.586922 0
    endloop
  endfacet
  facet normal -0.985273 -0.170987 0
    outer loop
      vertex -3.95671 -0.586922 2
      vertex -3.92314 -0.780361 0
      vertex -3.92314 -0.780361 2
    endloop
  endfacet
  facet normal -0.615252 -0.788331 0
    outer loop
      vertex -2.53757 -3.09204 0
      vertex -2.3828 -3.21283 10
      vertex -2.53757 -3.09204 10
    endloop
  endfacet
  facet normal -0.615252 -0.788331 -0
    outer loop
      vertex -2.3828 -3.21283 10
      vertex -2.53757 -3.09204 0
      vertex -2.3828 -3.21283 0
    endloop
  endfacet
  facet normal -0.844867 0.534976 0
    outer loop
      vertex -3.43091 2.05641 0
      vertex -3.32588 2.22228 10
      vertex -3.32588 2.22228 0
    endloop
  endfacet
  facet normal -0.844867 0.534976 0
    outer loop
      vertex -3.32588 2.22228 10
      vertex -3.43091 2.05641 0
      vertex -3.43091 2.05641 10
    endloop
  endfacet
  facet normal 0.0735497 0.997292 -0
    outer loop
      vertex 0.392068 3.98074 0
      vertex 0.19627 3.99518 2
      vertex 0.392068 3.98074 2
    endloop
  endfacet
  facet normal 0.0735497 0.997292 0
    outer loop
      vertex 0.19627 3.99518 2
      vertex 0.392068 3.98074 0
      vertex 0.19627 3.99518 0
    endloop
  endfacet
  facet normal -0.170987 -0.985273 0
    outer loop
      vertex -0.780361 -3.92314 0
      vertex -0.586922 -3.95671 10
      vertex -0.780361 -3.92314 10
    endloop
  endfacet
  facet normal -0.170987 -0.985273 -0
    outer loop
      vertex -0.586922 -3.95671 10
      vertex -0.780361 -3.92314 0
      vertex -0.586922 -3.95671 0
    endloop
  endfacet
  facet normal -0.893212 0.449636 0
    outer loop
      vertex -3.61596 1.71022 0
      vertex -3.52768 1.88559 10
      vertex -3.52768 1.88559 0
    endloop
  endfacet
  facet normal -0.893212 0.449636 0
    outer loop
      vertex -3.52768 1.88559 10
      vertex -3.61596 1.71022 0
      vertex -3.61596 1.71022 10
    endloop
  endfacet
  facet normal 0.219121 -0.975698 0
    outer loop
      vertex 0.780361 -3.92314 0
      vertex 0.97192 -3.88012 10
      vertex 0.780361 -3.92314 10
    endloop
  endfacet
  facet normal 0.219121 -0.975698 0
    outer loop
      vertex 0.97192 -3.88012 10
      vertex 0.780361 -3.92314 0
      vertex 0.97192 -3.88012 0
    endloop
  endfacet
  facet normal -0.313659 0.949536 0
    outer loop
      vertex -1.16114 3.82776 0
      vertex -1.34756 3.76618 10
      vertex -1.16114 3.82776 10
    endloop
  endfacet
  facet normal -0.313659 0.949536 0
    outer loop
      vertex -1.34756 3.76618 10
      vertex -1.16114 3.82776 0
      vertex -1.34756 3.76618 0
    endloop
  endfacet
  facet normal -0.170987 0.985273 0
    outer loop
      vertex -0.586922 3.95671 0
      vertex -0.780361 3.92314 10
      vertex -0.586922 3.95671 10
    endloop
  endfacet
  facet normal -0.170987 0.985273 0
    outer loop
      vertex -0.780361 3.92314 10
      vertex -0.586922 3.95671 0
      vertex -0.780361 3.92314 0
    endloop
  endfacet
  facet normal 0.985273 0.170987 0
    outer loop
      vertex 3.95671 0.586922 2
      vertex 3.92314 0.780361 0
      vertex 3.92314 0.780361 2
    endloop
  endfacet
  facet normal 0.985273 0.170987 0
    outer loop
      vertex 3.92314 0.780361 0
      vertex 3.95671 0.586922 2
      vertex 3.95671 0.586922 0
    endloop
  endfacet
  facet normal -0.997292 -0.0735497 0
    outer loop
      vertex -3.98074 -0.392068 0
      vertex -3.99518 -0.19627 2
      vertex -3.99518 -0.19627 0
    endloop
  endfacet
  facet normal -0.997292 -0.0735497 0
    outer loop
      vertex -3.99518 -0.19627 2
      vertex -3.98074 -0.392068 0
      vertex -3.98074 -0.392068 2
    endloop
  endfacet
  facet normal -0.122402 -0.992481 0
    outer loop
      vertex -0.586922 -3.95671 10
      vertex -0.5 -3.96743 2
      vertex -0.5 -3.96743 10
    endloop
  endfacet
  facet normal -0.122402 -0.992481 0
    outer loop
      vertex -0.586922 -3.95671 0
      vertex -0.5 -3.96743 2
      vertex -0.586922 -3.95671 10
    endloop
  endfacet
  facet normal -0.122396 -0.992481 -2.52687e-07
    outer loop
      vertex -0.392068 -3.98074 0
      vertex -0.5 -3.96743 2
      vertex -0.586922 -3.95671 0
    endloop
  endfacet
  facet normal -0.122391 -0.992482 0
    outer loop
      vertex -0.5 -3.96743 2
      vertex -0.392068 -3.98074 0
      vertex -0.392068 -3.98074 2
    endloop
  endfacet
  facet normal -0.788331 -0.615252 0
    outer loop
      vertex -3.09204 -2.53757 0
      vertex -3.21283 -2.3828 10
      vertex -3.21283 -2.3828 0
    endloop
  endfacet
  facet normal -0.788331 -0.615252 0
    outer loop
      vertex -3.21283 -2.3828 10
      vertex -3.09204 -2.53757 0
      vertex -3.09204 -2.53757 10
    endloop
  endfacet
  facet normal -0.359911 0.932987 0
    outer loop
      vertex -1.34756 3.76618 0
      vertex -1.53073 3.69552 10
      vertex -1.34756 3.76618 10
    endloop
  endfacet
  facet normal -0.359911 0.932987 0
    outer loop
      vertex -1.53073 3.69552 10
      vertex -1.34756 3.76618 0
      vertex -1.53073 3.69552 0
    endloop
  endfacet
  facet normal 0 0 1
    outer loop
      vertex 0.5 1 10
      vertex 3.82776 1.16114 10
      vertex 3.76618 1.34756 10
    endloop
  endfacet
  facet normal 0 0 1
    outer loop
      vertex 0.5 1 10
      vertex 3.76618 1.34756 10
      vertex 3.69552 1.53073 10
    endloop
  endfacet
  facet normal 0 0 1
    outer loop
      vertex 0.5 1 10
      vertex 3.69552 1.53073 10
      vertex 3.61596 1.71022 10
    endloop
  endfacet
  facet normal 0 0 1
    outer loop
      vertex 0.5 1 10
      vertex 3.61596 1.71022 10
      vertex 3.52768 1.88559 10
    endloop
  endfacet
  facet normal 0 0 1
    outer loop
      vertex 0.5 1 10
      vertex 3.52768 1.88559 10
      vertex 3.43091 2.05641 10
    endloop
  endfacet
  facet normal 0 0 1
    outer loop
      vertex 0.5 1 10
      vertex 3.43091 2.05641 10
      vertex 3.32588 2.22228 10
    endloop
  endfacet
  facet normal 0 0 1
    outer loop
      vertex 0.5 1 10
      vertex 3.32588 2.22228 10
      vertex 3.21283 2.3828 10
    endloop
  endfacet
  facet normal 0 0 1
    outer loop
      vertex 0.5 1 10
      vertex 3.21283 2.3828 10
      vertex 3.09204 2.53757 10
    endloop
  endfacet
  facet normal 0 0 1
    outer loop
      vertex 0.5 1 10
      vertex 3.09204 2.53757 10
      vertex 2.9638 2.68624 10
    endloop
  endfacet
  facet normal 0 0 1
    outer loop
      vertex 0.5 1 10
      vertex 2.9638 2.68624 10
      vertex 2.82843 2.82843 10
    endloop
  endfacet
  facet normal 0 0 1
    outer loop
      vertex 0.5 1 10
      vertex 2.82843 2.82843 10
      vertex 2.68624 2.9638 10
    endloop
  endfacet
  facet normal 0 0 1
    outer loop
      vertex 0.5 1 10
      vertex 2.68624 2.9638 10
      vertex 2.53757 3.09204 10
    endloop
  endfacet
  facet normal 0 0 1
    outer loop
      vertex 0.5 1 10
      vertex 2.53757 3.09204 10
      vertex 2.3828 3.21283 10
    endloop
  endfacet
  facet normal 0 0 1
    outer loop
      vertex 0.5 1 10
      vertex 2.3828 3.21283 10
      vertex 2.22228 3.32588 10
    endloop
  endfacet
  facet normal 0 0 1
    outer loop
      vertex 0.5 1 10
      vertex 2.22228 3.32588 10
      vertex 2.05641 3.43091 10
    endloop
  endfacet
  facet normal 0 0 1
    outer loop
      vertex 0.5 1 10
      vertex 2.05641 3.43091 10
      vertex 1.88559 3.52768 10
    endloop
  endfacet
  facet normal 0 0 1
    outer loop
      vertex 0.5 1 10
      vertex 1.88559 3.52768 10
      vertex 1.71022 3.61596 10
    endloop
  endfacet
  facet normal 0 0 1
    outer loop
      vertex 0.5 1 10
      vertex 1.71022 3.61596 10
      vertex 1.53073 3.69552 10
    endloop
  endfacet
  facet normal 0 0 1
    outer loop
      vertex 0.5 1 10
      vertex 1.53073 3.69552 10
      vertex 1.34756 3.76618 10
    endloop
  endfacet
  facet normal 0 0 1
    outer loop
      vertex 0.5 1 10
      vertex 1.34756 3.76618 10
      vertex 1.16114 3.82776 10
    endloop
  endfacet
  facet normal 0 0 1
    outer loop
      vertex 0.5 1 10
      vertex 1.16114 3.82776 10
      vertex 0.97192 3.88012 10
    endloop
  endfacet
  facet normal 0 0 1
    outer loop
      vertex 0.5 1 10
      vertex 0.97192 3.88012 10
      vertex 0.780361 3.92314 10
    endloop
  endfacet
  facet normal 0 0 1
    outer loop
      vertex 0.5 1 10
      vertex 0.780361 3.92314 10
      vertex 0.586922 3.95671 10
    endloop
  endfacet
  facet normal 0 0 1
    outer loop
      vertex 0.5 1 10
      vertex 0.586922 3.95671 10
      vertex 0.5 3.96743 10
    endloop
  endfacet
  facet normal 0 0 1
    outer loop
      vertex 3.82776 1.16114 10
      vertex 0.5 1 10
      vertex 3.87235 1 10
    endloop
  endfacet
  facet normal -0 0 1
    outer loop
      vertex 0.5 -1 10
      vertex 3.82776 -1.16114 10
      vertex 3.87235 -1 10
    endloop
  endfacet
  facet normal 0 0 1
    outer loop
      vertex 3.82776 -1.16114 10
      vertex 0.5 -1 10
      vertex 3.76618 -1.34756 10
    endloop
  endfacet
  facet normal 0 0 1
    outer loop
      vertex 3.76618 -1.34756 10
      vertex 0.5 -1 10
      vertex 3.69552 -1.53073 10
    endloop
  endfacet
  facet normal 0 0 1
    outer loop
      vertex 3.69552 -1.53073 10
      vertex 0.5 -1 10
      vertex 3.61596 -1.71022 10
    endloop
  endfacet
  facet normal 0 0 1
    outer loop
      vertex 3.61596 -1.71022 10
      vertex 0.5 -1 10
      vertex 3.52768 -1.88559 10
    endloop
  endfacet
  facet normal 0 0 1
    outer loop
      vertex 3.52768 -1.88559 10
      vertex 0.5 -1 10
      vertex 3.43091 -2.05641 10
    endloop
  endfacet
  facet normal 0 0 1
    outer loop
      vertex 3.43091 -2.05641 10
      vertex 0.5 -1 10
      vertex 3.32588 -2.22228 10
    endloop
  endfacet
  facet normal 0 0 1
    outer loop
      vertex 3.32588 -2.22228 10
      vertex 0.5 -1 10
      vertex 3.21283 -2.3828 10
    endloop
  endfacet
  facet normal 0 0 1
    outer loop
      vertex 3.21283 -2.3828 10
      vertex 0.5 -1 10
      vertex 3.09204 -2.53757 10
    endloop
  endfacet
  facet normal 0 0 1
    outer loop
      vertex 3.09204 -2.53757 10
      vertex 0.5 -1 10
      vertex 2.9638 -2.68624 10
    endloop
  endfacet
  facet normal 0 0 1
    outer loop
      vertex 2.9638 -2.68624 10
      vertex 0.5 -1 10
      vertex 2.82843 -2.82843 10
    endloop
  endfacet
  facet normal 0 0 1
    outer loop
      vertex 2.82843 -2.82843 10
      vertex 0.5 -1 10
      vertex 2.68624 -2.9638 10
    endloop
  endfacet
  facet normal 0 0 1
    outer loop
      vertex 2.68624 -2.9638 10
      vertex 0.5 -1 10
      vertex 2.53757 -3.09204 10
    endloop
  endfacet
  facet normal 0 0 1
    outer loop
      vertex 2.53757 -3.09204 10
      vertex 0.5 -1 10
      vertex 2.3828 -3.21283 10
    endloop
  endfacet
  facet normal 0 0 1
    outer loop
      vertex 2.3828 -3.21283 10
      vertex 0.5 -1 10
      vertex 2.22228 -3.32588 10
    endloop
  endfacet
  facet normal 0 0 1
    outer loop
      vertex 2.22228 -3.32588 10
      vertex 0.5 -1 10
      vertex 2.05641 -3.43091 10
    endloop
  endfacet
  facet normal 0 0 1
    outer loop
      vertex 2.05641 -3.43091 10
      vertex 0.5 -1 10
      vertex 1.88559 -3.52768 10
    endloop
  endfacet
  facet normal 0 0 1
    outer loop
      vertex 1.88559 -3.52768 10
      vertex 0.5 -1 10
      vertex 1.71022 -3.61596 10
    endloop
  endfacet
  facet normal 0 0 1
    outer loop
      vertex 1.71022 -3.61596 10
      vertex 0.5 -1 10
      vertex 1.53073 -3.69552 10
    endloop
  endfacet
  facet normal 0 0 1
    outer loop
      vertex 1.53073 -3.69552 10
      vertex 0.5 -1 10
      vertex 1.34756 -3.76618 10
    endloop
  endfacet
  facet normal 0 0 1
    outer loop
      vertex 1.34756 -3.76618 10
      vertex 0.5 -1 10
      vertex 1.16114 -3.82776 10
    endloop
  endfacet
  facet normal 0 0 1
    outer loop
      vertex 1.16114 -3.82776 10
      vertex 0.5 -1 10
      vertex 0.97192 -3.88012 10
    endloop
  endfacet
  facet normal 0 0 1
    outer loop
      vertex 0.97192 -3.88012 10
      vertex 0.5 -1 10
      vertex 0.780361 -3.92314 10
    endloop
  endfacet
  facet normal 0 0 1
    outer loop
      vertex 0.780361 -3.92314 10
      vertex 0.5 -1 10
      vertex 0.586922 -3.95671 10
    endloop
  endfacet
  facet normal 0 0 1
    outer loop
      vertex 0.586922 -3.95671 10
      vertex 0.5 -1 10
      vertex 0.5 -3.96743 10
    endloop
  endfacet
  facet normal 0 0 1
    outer loop
      vertex -0.5 -1 10
      vertex -0.586922 -3.95671 10
      vertex -0.5 -3.96743 10
    endloop
  endfacet
  facet normal 0 0 1
    outer loop
      vertex -0.5 -1 10
      vertex -0.780361 -3.92314 10
      vertex -0.586922 -3.95671 10
    endloop
  endfacet
  facet normal 0 0 1
    outer loop
      vertex -0.5 -1 10
      vertex -0.97192 -3.88012 10
      vertex -0.780361 -3.92314 10
    endloop
  endfacet
  facet normal 0 0 1
    outer loop
      vertex -0.5 -1 10
      vertex -1.16114 -3.82776 10
      vertex -0.97192 -3.88012 10
    endloop
  endfacet
  facet normal 0 0 1
    outer loop
      vertex -0.5 -1 10
      vertex -1.34756 -3.76618 10
      vertex -1.16114 -3.82776 10
    endloop
  endfacet
  facet normal 0 0 1
    outer loop
      vertex -0.5 -1 10
      vertex -1.53073 -3.69552 10
      vertex -1.34756 -3.76618 10
    endloop
  endfacet
  facet normal 0 0 1
    outer loop
      vertex -0.5 -1 10
      vertex -1.71022 -3.61596 10
      vertex -1.53073 -3.69552 10
    endloop
  endfacet
  facet normal 0 0 1
    outer loop
      vertex -0.5 -1 10
      vertex -1.88559 -3.52768 10
      vertex -1.71022 -3.61596 10
    endloop
  endfacet
  facet normal 0 0 1
    outer loop
      vertex -0.5 -1 10
      vertex -2.05641 -3.43091 10
      vertex -1.88559 -3.52768 10
    endloop
  endfacet
  facet normal 0 0 1
    outer loop
      vertex -0.5 -1 10
      vertex -2.22228 -3.32588 10
      vertex -2.05641 -3.43091 10
    endloop
  endfacet
  facet normal 0 0 1
    outer loop
      vertex -0.5 -1 10
      vertex -2.3828 -3.21283 10
      vertex -2.22228 -3.32588 10
    endloop
  endfacet
  facet normal 0 0 1
    outer loop
      vertex -0.5 -1 10
      vertex -2.53757 -3.09204 10
      vertex -2.3828 -3.21283 10
    endloop
  endfacet
  facet normal 0 0 1
    outer loop
      vertex -0.5 -1 10
      vertex -2.68624 -2.9638 10
      vertex -2.53757 -3.09204 10
    endloop
  endfacet
  facet normal 0 0 1
    outer loop
      vertex -0.5 -1 10
      vertex -2.82843 -2.82843 10
      vertex -2.68624 -2.9638 10
    endloop
  endfacet
  facet normal 0 0 1
    outer loop
      vertex -0.5 -1 10
      vertex -2.9638 -2.68624 10
      vertex -2.82843 -2.82843 10
    endloop
  endfacet
  facet normal 0 0 1
    outer loop
      vertex -0.5 -1 10
      vertex -3.09204 -2.53757 10
      vertex -2.9638 -2.68624 10
    endloop
  endfacet
  facet normal 0 0 1
    outer loop
      vertex -0.5 -1 10
      vertex -3.21283 -2.3828 10
      vertex -3.09204 -2.53757 10
    endloop
  endfacet
  facet normal 0 0 1
    outer loop
      vertex -0.5 -1 10
      vertex -3.32588 -2.22228 10
      vertex -3.21283 -2.3828 10
    endloop
  endfacet
  facet normal 0 0 1
    outer loop
      vertex -0.5 -1 10
      vertex -3.43091 -2.05641 10
      vertex -3.32588 -2.22228 10
    endloop
  endfacet
  facet normal 0 0 1
    outer loop
      vertex -0.5 -1 10
      vertex -3.52768 -1.88559 10
      vertex -3.43091 -2.05641 10
    endloop
  endfacet
  facet normal 0 0 1
    outer loop
      vertex -0.5 -1 10
      vertex -3.61596 -1.71022 10
      vertex -3.52768 -1.88559 10
    endloop
  endfacet
  facet normal 0 0 1
    outer loop
      vertex -0.5 -1 10
      vertex -3.69552 -1.53073 10
      vertex -3.61596 -1.71022 10
    endloop
  endfacet
  facet normal 0 0 1
    outer loop
      vertex -0.5 -1 10
      vertex -3.76618 -1.34756 10
      vertex -3.69552 -1.53073 10
    endloop
  endfacet
  facet normal 0 0 1
    outer loop
      vertex -0.5 -1 10
      vertex -3.82776 -1.16114 10
      vertex -3.76618 -1.34756 10
    endloop
  endfacet
  facet normal 0 -0 1
    outer loop
      vertex -3.82776 -1.16114 10
      vertex -0.5 -1 10
      vertex -3.87235 -1 10
    endloop
  endfacet
  facet normal -0 0 1
    outer loop
      vertex -0.586922 3.95671 10
      vertex -0.5 1 10
      vertex -0.5 3.96743 10
    endloop
  endfacet
  facet normal -0 0 1
    outer loop
      vertex -0.780361 3.92314 10
      vertex -0.5 1 10
      vertex -0.586922 3.95671 10
    endloop
  endfacet
  facet normal -0 0 1
    outer loop
      vertex -0.97192 3.88012 10
      vertex -0.5 1 10
      vertex -0.780361 3.92314 10
    endloop
  endfacet
  facet normal -0 0 1
    outer loop
      vertex -1.16114 3.82776 10
      vertex -0.5 1 10
      vertex -0.97192 3.88012 10
    endloop
  endfacet
  facet normal -0 0 1
    outer loop
      vertex -1.34756 3.76618 10
      vertex -0.5 1 10
      vertex -1.16114 3.82776 10
    endloop
  endfacet
  facet normal -0 0 1
    outer loop
      vertex -1.53073 3.69552 10
      vertex -0.5 1 10
      vertex -1.34756 3.76618 10
    endloop
  endfacet
  facet normal -0 0 1
    outer loop
      vertex -1.71022 3.61596 10
      vertex -0.5 1 10
      vertex -1.53073 3.69552 10
    endloop
  endfacet
  facet normal -0 0 1
    outer loop
      vertex -1.88559 3.52768 10
      vertex -0.5 1 10
      vertex -1.71022 3.61596 10
    endloop
  endfacet
  facet normal -0 0 1
    outer loop
      vertex -2.05641 3.43091 10
      vertex -0.5 1 10
      vertex -1.88559 3.52768 10
    endloop
  endfacet
  facet normal -0 0 1
    outer loop
      vertex -2.22228 3.32588 10
      vertex -0.5 1 10
      vertex -2.05641 3.43091 10
    endloop
  endfacet
  facet normal -0 0 1
    outer loop
      vertex -2.3828 3.21283 10
      vertex -0.5 1 10
      vertex -2.22228 3.32588 10
    endloop
  endfacet
  facet normal -0 0 1
    outer loop
      vertex -2.53757 3.09204 10
      vertex -0.5 1 10
      vertex -2.3828 3.21283 10
    endloop
  endfacet
  facet normal -0 0 1
    outer loop
      vertex -2.68624 2.9638 10
      vertex -0.5 1 10
      vertex -2.53757 3.09204 10
    endloop
  endfacet
  facet normal -0 0 1
    outer loop
      vertex -2.82843 2.82843 10
      vertex -0.5 1 10
      vertex -2.68624 2.9638 10
    endloop
  endfacet
  facet normal -0 0 1
    outer loop
      vertex -2.9638 2.68624 10
      vertex -0.5 1 10
      vertex -2.82843 2.82843 10
    endloop
  endfacet
  facet normal -0 0 1
    outer loop
      vertex -3.09204 2.53757 10
      vertex -0.5 1 10
      vertex -2.9638 2.68624 10
    endloop
  endfacet
  facet normal -0 0 1
    outer loop
      vertex -3.21283 2.3828 10
      vertex -0.5 1 10
      vertex -3.09204 2.53757 10
    endloop
  endfacet
  facet normal -0 0 1
    outer loop
      vertex -3.32588 2.22228 10
      vertex -0.5 1 10
      vertex -3.21283 2.3828 10
    endloop
  endfacet
  facet normal -0 0 1
    outer loop
      vertex -3.43091 2.05641 10
      vertex -0.5 1 10
      vertex -3.32588 2.22228 10
    endloop
  endfacet
  facet normal -0 0 1
    outer loop
      vertex -3.52768 1.88559 10
      vertex -0.5 1 10
      vertex -3.43091 2.05641 10
    endloop
  endfacet
  facet normal -0 0 1
    outer loop
      vertex -3.61596 1.71022 10
      vertex -0.5 1 10
      vertex -3.52768 1.88559 10
    endloop
  endfacet
  facet normal -0 0 1
    outer loop
      vertex -3.69552 1.53073 10
      vertex -0.5 1 10
      vertex -3.61596 1.71022 10
    endloop
  endfacet
  facet normal -0 0 1
    outer loop
      vertex -3.76618 1.34756 10
      vertex -0.5 1 10
      vertex -3.69552 1.53073 10
    endloop
  endfacet
  facet normal -0 0 1
    outer loop
      vertex -3.82776 1.16114 10
      vertex -0.5 1 10
      vertex -3.76618 1.34756 10
    endloop
  endfacet
  facet normal 0 0 1
    outer loop
      vertex -0.5 1 10
      vertex -3.82776 1.16114 10
      vertex -3.87235 1 10
    endloop
  endfacet
  facet normal 0.359911 -0.932987 0
    outer loop
      vertex 1.34756 -3.76618 0
      vertex 1.53073 -3.69552 10
      vertex 1.34756 -3.76618 10
    endloop
  endfacet
  facet normal 0.359911 -0.932987 0
    outer loop
      vertex 1.53073 -3.69552 10
      vertex 1.34756 -3.76618 0
      vertex 1.53073 -3.69552 0
    endloop
  endfacet
  facet normal 0.689524 0.724263 -0
    outer loop
      vertex 2.82843 2.82843 0
      vertex 2.68624 2.9638 10
      vertex 2.82843 2.82843 10
    endloop
  endfacet
  facet normal 0.689524 0.724263 0
    outer loop
      vertex 2.68624 2.9638 10
      vertex 2.82843 2.82843 0
      vertex 2.68624 2.9638 0
    endloop
  endfacet
  facet normal -0.534976 -0.844867 0
    outer loop
      vertex -2.22228 -3.32588 0
      vertex -2.05641 -3.43091 10
      vertex -2.22228 -3.32588 10
    endloop
  endfacet
  facet normal -0.534976 -0.844867 -0
    outer loop
      vertex -2.05641 -3.43091 10
      vertex -2.22228 -3.32588 0
      vertex -2.05641 -3.43091 0
    endloop
  endfacet
  facet normal -0.724263 0.689524 0
    outer loop
      vertex -2.9638 2.68624 0
      vertex -2.82843 2.82843 10
      vertex -2.82843 2.82843 0
    endloop
  endfacet
  facet normal -0.724263 0.689524 0
    outer loop
      vertex -2.82843 2.82843 10
      vertex -2.9638 2.68624 0
      vertex -2.9638 2.68624 10
    endloop
  endfacet
  facet normal -0.405231 -0.914214 0
    outer loop
      vertex -1.71022 -3.61596 0
      vertex -1.53073 -3.69552 10
      vertex -1.71022 -3.61596 10
    endloop
  endfacet
  facet normal -0.405231 -0.914214 -0
    outer loop
      vertex -1.53073 -3.69552 10
      vertex -1.71022 -3.61596 0
      vertex -1.53073 -3.69552 0
    endloop
  endfacet
  facet normal 0.932987 0.359911 0
    outer loop
      vertex 3.76618 1.34756 10
      vertex 3.69552 1.53073 0
      vertex 3.69552 1.53073 10
    endloop
  endfacet
  facet normal 0.932987 0.359911 0
    outer loop
      vertex 3.69552 1.53073 0
      vertex 3.76618 1.34756 10
      vertex 3.76618 1.34756 0
    endloop
  endfacet
  facet normal -0.449636 -0.893212 0
    outer loop
      vertex -1.88559 -3.52768 0
      vertex -1.71022 -3.61596 10
      vertex -1.88559 -3.52768 10
    endloop
  endfacet
  facet normal -0.449636 -0.893212 -0
    outer loop
      vertex -1.71022 -3.61596 10
      vertex -1.88559 -3.52768 0
      vertex -1.71022 -3.61596 0
    endloop
  endfacet
  facet normal 0.575805 0.817587 -0
    outer loop
      vertex 2.3828 3.21283 0
      vertex 2.22228 3.32588 10
      vertex 2.3828 3.21283 10
    endloop
  endfacet
  facet normal 0.575805 0.817587 0
    outer loop
      vertex 2.22228 3.32588 10
      vertex 2.3828 3.21283 0
      vertex 2.22228 3.32588 0
    endloop
  endfacet
  facet normal -0.219121 0.975698 0
    outer loop
      vertex -0.780361 3.92314 0
      vertex -0.97192 3.88012 10
      vertex -0.780361 3.92314 10
    endloop
  endfacet
  facet normal -0.219121 0.975698 0
    outer loop
      vertex -0.97192 3.88012 10
      vertex -0.780361 3.92314 0
      vertex -0.97192 3.88012 0
    endloop
  endfacet
  facet normal 0.817587 0.575805 0
    outer loop
      vertex 3.32588 2.22228 10
      vertex 3.21283 2.3828 0
      vertex 3.21283 2.3828 10
    endloop
  endfacet
  facet normal 0.817587 0.575805 0
    outer loop
      vertex 3.21283 2.3828 0
      vertex 3.32588 2.22228 10
      vertex 3.32588 2.22228 0
    endloop
  endfacet
  facet normal 0.170987 -0.985273 0
    outer loop
      vertex 0.586922 -3.95671 0
      vertex 0.780361 -3.92314 10
      vertex 0.586922 -3.95671 10
    endloop
  endfacet
  facet normal 0.170987 -0.985273 0
    outer loop
      vertex 0.780361 -3.92314 10
      vertex 0.586922 -3.95671 0
      vertex 0.780361 -3.92314 0
    endloop
  endfacet
  facet normal 0.653162 -0.757218 0
    outer loop
      vertex 2.53757 -3.09204 0
      vertex 2.68624 -2.9638 10
      vertex 2.53757 -3.09204 10
    endloop
  endfacet
  facet normal 0.653162 -0.757218 0
    outer loop
      vertex 2.68624 -2.9638 10
      vertex 2.53757 -3.09204 0
      vertex 2.68624 -2.9638 0
    endloop
  endfacet
  facet normal 0.653162 0.757218 -0
    outer loop
      vertex 2.68624 2.9638 0
      vertex 2.53757 3.09204 10
      vertex 2.68624 2.9638 10
    endloop
  endfacet
  facet normal 0.653162 0.757218 0
    outer loop
      vertex 2.53757 3.09204 10
      vertex 2.68624 2.9638 0
      vertex 2.53757 3.09204 0
    endloop
  endfacet
  facet normal 0.0245506 -0.999699 0
    outer loop
      vertex 0 -4 0
      vertex 0.19627 -3.99518 2
      vertex 0 -4 2
    endloop
  endfacet
  facet normal 0.0245506 -0.999699 0
    outer loop
      vertex 0.19627 -3.99518 2
      vertex 0 -4 0
      vertex 0.19627 -3.99518 0
    endloop
  endfacet
  facet normal 0.359911 0.932987 -0
    outer loop
      vertex 1.53073 3.69552 0
      vertex 1.34756 3.76618 10
      vertex 1.53073 3.69552 10
    endloop
  endfacet
  facet normal 0.359911 0.932987 0
    outer loop
      vertex 1.34756 3.76618 10
      vertex 1.53073 3.69552 0
      vertex 1.34756 3.76618 0
    endloop
  endfacet
  facet normal -0.724263 -0.689524 0
    outer loop
      vertex -2.82843 -2.82843 0
      vertex -2.9638 -2.68624 10
      vertex -2.9638 -2.68624 0
    endloop
  endfacet
  facet normal -0.724263 -0.689524 0
    outer loop
      vertex -2.9638 -2.68624 10
      vertex -2.82843 -2.82843 0
      vertex -2.82843 -2.82843 10
    endloop
  endfacet
  facet normal 0.757218 -0.653162 0
    outer loop
      vertex 2.9638 -2.68624 10
      vertex 3.09204 -2.53757 0
      vertex 3.09204 -2.53757 10
    endloop
  endfacet
  facet normal 0.757218 -0.653162 0
    outer loop
      vertex 3.09204 -2.53757 0
      vertex 2.9638 -2.68624 10
      vertex 2.9638 -2.68624 0
    endloop
  endfacet
  facet normal 0.788331 -0.615252 0
    outer loop
      vertex 3.09204 -2.53757 10
      vertex 3.21283 -2.3828 0
      vertex 3.21283 -2.3828 10
    endloop
  endfacet
  facet normal 0.788331 -0.615252 0
    outer loop
      vertex 3.21283 -2.3828 0
      vertex 3.09204 -2.53757 10
      vertex 3.09204 -2.53757 0
    endloop
  endfacet
  facet normal 0.975698 0.219121 0
    outer loop
      vertex 3.92314 0.780361 2
      vertex 3.88012 0.97192 0
      vertex 3.88012 0.97192 2
    endloop
  endfacet
  facet normal 0.975698 0.219121 0
    outer loop
      vertex 3.88012 0.97192 0
      vertex 3.92314 0.780361 2
      vertex 3.92314 0.780361 0
    endloop
  endfacet
  facet normal -0.817587 0.575805 0
    outer loop
      vertex -3.32588 2.22228 0
      vertex -3.21283 2.3828 10
      vertex -3.21283 2.3828 0
    endloop
  endfacet
  facet normal -0.817587 0.575805 0
    outer loop
      vertex -3.21283 2.3828 10
      vertex -3.32588 2.22228 0
      vertex -3.32588 2.22228 10
    endloop
  endfacet
  facet normal -0.449636 0.893212 0
    outer loop
      vertex -1.71022 3.61596 0
      vertex -1.88559 3.52768 10
      vertex -1.71022 3.61596 10
    endloop
  endfacet
  facet normal -0.449636 0.893212 0
    outer loop
      vertex -1.88559 3.52768 10
      vertex -1.71022 3.61596 0
      vertex -1.88559 3.52768 0
    endloop
  endfacet
  facet normal 0.914214 0.405231 0
    outer loop
      vertex 3.69552 1.53073 10
      vertex 3.61596 1.71022 0
      vertex 3.61596 1.71022 10
    endloop
  endfacet
  facet normal 0.914214 0.405231 0
    outer loop
      vertex 3.61596 1.71022 0
      vertex 3.69552 1.53073 10
      vertex 3.69552 1.53073 0
    endloop
  endfacet
  facet normal -0.219121 -0.975698 0
    outer loop
      vertex -0.97192 -3.88012 0
      vertex -0.780361 -3.92314 10
      vertex -0.97192 -3.88012 10
    endloop
  endfacet
  facet normal -0.219121 -0.975698 -0
    outer loop
      vertex -0.780361 -3.92314 10
      vertex -0.97192 -3.88012 0
      vertex -0.780361 -3.92314 0
    endloop
  endfacet
  facet normal 0.992481 -0.122402 0
    outer loop
      vertex 3.95671 -0.586922 2
      vertex 3.96743 -0.5 0
      vertex 3.96743 -0.5 2
    endloop
  endfacet
  facet normal 0.992481 -0.122402 0
    outer loop
      vertex 3.96743 -0.5 0
      vertex 3.95671 -0.586922 2
      vertex 3.95671 -0.586922 0
    endloop
  endfacet
  facet normal -0.689524 0.724263 0
    outer loop
      vertex -2.68624 2.9638 0
      vertex -2.82843 2.82843 10
      vertex -2.68624 2.9638 10
    endloop
  endfacet
  facet normal -0.689524 0.724263 0
    outer loop
      vertex -2.82843 2.82843 10
      vertex -2.68624 2.9638 0
      vertex -2.82843 2.82843 0
    endloop
  endfacet
  facet normal 0.893212 -0.449636 0
    outer loop
      vertex 3.52768 -1.88559 10
      vertex 3.61596 -1.71022 0
      vertex 3.61596 -1.71022 10
    endloop
  endfacet
  facet normal 0.893212 -0.449636 0
    outer loop
      vertex 3.61596 -1.71022 0
      vertex 3.52768 -1.88559 10
      vertex 3.52768 -1.88559 0
    endloop
  endfacet
  facet normal -0.313659 -0.949536 0
    outer loop
      vertex -1.34756 -3.76618 0
      vertex -1.16114 -3.82776 10
      vertex -1.34756 -3.76618 10
    endloop
  endfacet
  facet normal -0.313659 -0.949536 -0
    outer loop
      vertex -1.16114 -3.82776 10
      vertex -1.34756 -3.76618 0
      vertex -1.16114 -3.82776 0
    endloop
  endfacet
  facet normal 0.963781 -0.266694 0
    outer loop
      vertex 3.87235 -1 10
      vertex 3.82776 -1.16114 10
      vertex 3.87235 -1 2
    endloop
  endfacet
  facet normal 0.963783 -0.266688 0
    outer loop
      vertex 3.87235 -1 2
      vertex 3.88012 -0.97192 0
      vertex 3.88012 -0.97192 2
    endloop
  endfacet
  facet normal 0.963781 -0.266694 0
    outer loop
      vertex 3.82776 -1.16114 0
      vertex 3.87235 -1 2
      vertex 3.82776 -1.16114 10
    endloop
  endfacet
  facet normal 0.963782 -0.266693 -7.48736e-08
    outer loop
      vertex 3.87235 -1 2
      vertex 3.82776 -1.16114 0
      vertex 3.88012 -0.97192 0
    endloop
  endfacet
  facet normal 0.170987 0.985273 -0
    outer loop
      vertex 0.780361 3.92314 0
      vertex 0.586922 3.95671 10
      vertex 0.780361 3.92314 10
    endloop
  endfacet
  facet normal 0.170987 0.985273 0
    outer loop
      vertex 0.586922 3.95671 10
      vertex 0.780361 3.92314 0
      vertex 0.586922 3.95671 0
    endloop
  endfacet
  facet normal -0.266693 -0.963782 0
    outer loop
      vertex -1.16114 -3.82776 0
      vertex -0.97192 -3.88012 10
      vertex -1.16114 -3.82776 10
    endloop
  endfacet
  facet normal -0.266693 -0.963782 -0
    outer loop
      vertex -0.97192 -3.88012 10
      vertex -1.16114 -3.82776 0
      vertex -0.97192 -3.88012 0
    endloop
  endfacet
  facet normal 0.449636 0.893212 -0
    outer loop
      vertex 1.88559 3.52768 0
      vertex 1.71022 3.61596 10
      vertex 1.88559 3.52768 10
    endloop
  endfacet
  facet normal 0.449636 0.893212 0
    outer loop
      vertex 1.71022 3.61596 10
      vertex 1.88559 3.52768 0
      vertex 1.71022 3.61596 0
    endloop
  endfacet
  facet normal 0.405231 0.914214 -0
    outer loop
      vertex 1.71022 3.61596 0
      vertex 1.53073 3.69552 10
      vertex 1.71022 3.61596 10
    endloop
  endfacet
  facet normal 0.405231 0.914214 0
    outer loop
      vertex 1.53073 3.69552 10
      vertex 1.71022 3.61596 0
      vertex 1.53073 3.69552 0
    endloop
  endfacet
  facet normal -0.975698 -0.219121 0
    outer loop
      vertex -3.88012 -0.97192 0
      vertex -3.92314 -0.780361 2
      vertex -3.92314 -0.780361 0
    endloop
  endfacet
  facet normal -0.975698 -0.219121 0
    outer loop
      vertex -3.92314 -0.780361 2
      vertex -3.88012 -0.97192 0
      vertex -3.88012 -0.97192 2
    endloop
  endfacet
  facet normal 0.266693 -0.963782 0
    outer loop
      vertex 0.97192 -3.88012 0
      vertex 1.16114 -3.82776 10
      vertex 0.97192 -3.88012 10
    endloop
  endfacet
  facet normal 0.266693 -0.963782 0
    outer loop
      vertex 1.16114 -3.82776 10
      vertex 0.97192 -3.88012 0
      vertex 1.16114 -3.82776 0
    endloop
  endfacet
  facet normal 0.844867 0.534976 0
    outer loop
      vertex 3.43091 2.05641 10
      vertex 3.32588 2.22228 0
      vertex 3.32588 2.22228 10
    endloop
  endfacet
  facet normal 0.844867 0.534976 0
    outer loop
      vertex 3.32588 2.22228 0
      vertex 3.43091 2.05641 10
      vertex 3.43091 2.05641 0
    endloop
  endfacet
  facet normal -0.932987 -0.359911 0
    outer loop
      vertex -3.69552 -1.53073 0
      vertex -3.76618 -1.34756 10
      vertex -3.76618 -1.34756 0
    endloop
  endfacet
  facet normal -0.932987 -0.359911 0
    outer loop
      vertex -3.76618 -1.34756 10
      vertex -3.69552 -1.53073 0
      vertex -3.69552 -1.53073 10
    endloop
  endfacet
  facet normal 0.949536 0.313659 0
    outer loop
      vertex 3.82776 1.16114 10
      vertex 3.76618 1.34756 0
      vertex 3.76618 1.34756 10
    endloop
  endfacet
  facet normal 0.949536 0.313659 0
    outer loop
      vertex 3.76618 1.34756 0
      vertex 3.82776 1.16114 10
      vertex 3.82776 1.16114 0
    endloop
  endfacet
  facet normal -0.122391 0.992482 0
    outer loop
      vertex -0.392068 3.98074 2
      vertex -0.392068 3.98074 0
      vertex -0.5 3.96743 2
    endloop
  endfacet
  facet normal -0.122402 0.992481 0
    outer loop
      vertex -0.5 3.96743 2
      vertex -0.586922 3.95671 10
      vertex -0.5 3.96743 10
    endloop
  endfacet
  facet normal -0.122402 0.992481 0
    outer loop
      vertex -0.5 3.96743 2
      vertex -0.586922 3.95671 0
      vertex -0.586922 3.95671 10
    endloop
  endfacet
  facet normal -0.122396 0.992481 -2.52687e-07
    outer loop
      vertex -0.586922 3.95671 0
      vertex -0.5 3.96743 2
      vertex -0.392068 3.98074 0
    endloop
  endfacet
  facet normal 0.122402 0.992481 0
    outer loop
      vertex 0.586922 3.95671 10
      vertex 0.5 3.96743 2
      vertex 0.5 3.96743 10
    endloop
  endfacet
  facet normal 0.122402 0.992481 -0
    outer loop
      vertex 0.586922 3.95671 0
      vertex 0.5 3.96743 2
      vertex 0.586922 3.95671 10
    endloop
  endfacet
  facet normal 0.122396 0.992481 -2.52687e-07
    outer loop
      vertex 0.392068 3.98074 0
      vertex 0.5 3.96743 2
      vertex 0.586922 3.95671 0
    endloop
  endfacet
  facet normal 0.122391 0.992482 0
    outer loop
      vertex 0.5 3.96743 2
      vertex 0.392068 3.98074 0
      vertex 0.392068 3.98074 2
    endloop
  endfacet
  facet normal 0.870083 0.492905 0
    outer loop
      vertex 3.52768 1.88559 10
      vertex 3.43091 2.05641 0
      vertex 3.43091 2.05641 10
    endloop
  endfacet
  facet normal 0.870083 0.492905 0
    outer loop
      vertex 3.43091 2.05641 0
      vertex 3.52768 1.88559 10
      vertex 3.52768 1.88559 0
    endloop
  endfacet
  facet normal -0.0735497 0.997292 0
    outer loop
      vertex -0.19627 3.99518 0
      vertex -0.392068 3.98074 2
      vertex -0.19627 3.99518 2
    endloop
  endfacet
  facet normal -0.0735497 0.997292 0
    outer loop
      vertex -0.392068 3.98074 2
      vertex -0.19627 3.99518 0
      vertex -0.392068 3.98074 0
    endloop
  endfacet
  facet normal 0.449636 -0.893212 0
    outer loop
      vertex 1.71022 -3.61596 0
      vertex 1.88559 -3.52768 10
      vertex 1.71022 -3.61596 10
    endloop
  endfacet
  facet normal 0.449636 -0.893212 0
    outer loop
      vertex 1.88559 -3.52768 10
      vertex 1.71022 -3.61596 0
      vertex 1.88559 -3.52768 0
    endloop
  endfacet
  facet normal -0.689524 -0.724263 0
    outer loop
      vertex -2.82843 -2.82843 0
      vertex -2.68624 -2.9638 10
      vertex -2.82843 -2.82843 10
    endloop
  endfacet
  facet normal -0.689524 -0.724263 -0
    outer loop
      vertex -2.68624 -2.9638 10
      vertex -2.82843 -2.82843 0
      vertex -2.68624 -2.9638 0
    endloop
  endfacet
  facet normal 0.724263 0.689524 0
    outer loop
      vertex 2.9638 2.68624 10
      vertex 2.82843 2.82843 0
      vertex 2.82843 2.82843 10
    endloop
  endfacet
  facet normal 0.724263 0.689524 0
    outer loop
      vertex 2.82843 2.82843 0
      vertex 2.9638 2.68624 10
      vertex 2.9638 2.68624 0
    endloop
  endfacet
  facet normal -0.653162 0.757218 0
    outer loop
      vertex -2.53757 3.09204 0
      vertex -2.68624 2.9638 10
      vertex -2.53757 3.09204 10
    endloop
  endfacet
  facet normal -0.653162 0.757218 0
    outer loop
      vertex -2.68624 2.9638 10
      vertex -2.53757 3.09204 0
      vertex -2.68624 2.9638 0
    endloop
  endfacet
  facet normal -0.788331 0.615252 0
    outer loop
      vertex -3.21283 2.3828 0
      vertex -3.09204 2.53757 10
      vertex -3.09204 2.53757 0
    endloop
  endfacet
  facet normal -0.788331 0.615252 0
    outer loop
      vertex -3.09204 2.53757 10
      vertex -3.21283 2.3828 0
      vertex -3.21283 2.3828 10
    endloop
  endfacet
  facet normal 0.788331 0.615252 0
    outer loop
      vertex 3.21283 2.3828 10
      vertex 3.09204 2.53757 0
      vertex 3.09204 2.53757 10
    endloop
  endfacet
  facet normal 0.788331 0.615252 0
    outer loop
      vertex 3.09204 2.53757 0
      vertex 3.21283 2.3828 10
      vertex 3.21283 2.3828 0
    endloop
  endfacet
  facet normal 0.122391 -0.992482 0
    outer loop
      vertex 0.392068 -3.98074 2
      vertex 0.392068 -3.98074 0
      vertex 0.5 -3.96743 2
    endloop
  endfacet
  facet normal 0.122402 -0.992481 0
    outer loop
      vertex 0.5 -3.96743 2
      vertex 0.586922 -3.95671 10
      vertex 0.5 -3.96743 10
    endloop
  endfacet
  facet normal 0.122402 -0.992481 0
    outer loop
      vertex 0.5 -3.96743 2
      vertex 0.586922 -3.95671 0
      vertex 0.586922 -3.95671 10
    endloop
  endfacet
  facet normal 0.122396 -0.992481 -2.52687e-07
    outer loop
      vertex 0.586922 -3.95671 0
      vertex 0.5 -3.96743 2
      vertex 0.392068 -3.98074 0
    endloop
  endfacet
  facet normal -0.963781 0.266694 0
    outer loop
      vertex -3.82776 1.16114 0
      vertex -3.87235 1 2
      vertex -3.82776 1.16114 10
    endloop
  endfacet
  facet normal -0.963782 0.266693 -7.48736e-08
    outer loop
      vertex -3.88012 0.97192 0
      vertex -3.87235 1 2
      vertex -3.82776 1.16114 0
    endloop
  endfacet
  facet normal -0.963783 0.266688 0
    outer loop
      vertex -3.87235 1 2
      vertex -3.88012 0.97192 0
      vertex -3.88012 0.97192 2
    endloop
  endfacet
  facet normal -0.963781 0.266694 0
    outer loop
      vertex -3.82776 1.16114 10
      vertex -3.87235 1 2
      vertex -3.87235 1 10
    endloop
  endfacet
  facet normal 0.534976 -0.844867 0
    outer loop
      vertex 2.05641 -3.43091 0
      vertex 2.22228 -3.32588 10
      vertex 2.05641 -3.43091 10
    endloop
  endfacet
  facet normal 0.534976 -0.844867 0
    outer loop
      vertex 2.22228 -3.32588 10
      vertex 2.05641 -3.43091 0
      vertex 2.22228 -3.32588 0
    endloop
  endfacet
  facet normal 0.817587 -0.575805 0
    outer loop
      vertex 3.21283 -2.3828 10
      vertex 3.32588 -2.22228 0
      vertex 3.32588 -2.22228 10
    endloop
  endfacet
  facet normal 0.817587 -0.575805 0
    outer loop
      vertex 3.32588 -2.22228 0
      vertex 3.21283 -2.3828 10
      vertex 3.21283 -2.3828 0
    endloop
  endfacet
  facet normal 0.575805 -0.817587 0
    outer loop
      vertex 2.22228 -3.32588 0
      vertex 2.3828 -3.21283 10
      vertex 2.22228 -3.32588 10
    endloop
  endfacet
  facet normal 0.575805 -0.817587 0
    outer loop
      vertex 2.3828 -3.21283 10
      vertex 2.22228 -3.32588 0
      vertex 2.3828 -3.21283 0
    endloop
  endfacet
  facet normal -0.914214 -0.405231 0
    outer loop
      vertex -3.61596 -1.71022 0
      vertex -3.69552 -1.53073 10
      vertex -3.69552 -1.53073 0
    endloop
  endfacet
  facet normal -0.914214 -0.405231 0
    outer loop
      vertex -3.69552 -1.53073 10
      vertex -3.61596 -1.71022 0
      vertex -3.61596 -1.71022 10
    endloop
  endfacet
  facet normal -0.575805 -0.817587 0
    outer loop
      vertex -2.3828 -3.21283 0
      vertex -2.22228 -3.32588 10
      vertex -2.3828 -3.21283 10
    endloop
  endfacet
  facet normal -0.575805 -0.817587 -0
    outer loop
      vertex -2.22228 -3.32588 10
      vertex -2.3828 -3.21283 0
      vertex -2.22228 -3.32588 0
    endloop
  endfacet
  facet normal 0.615252 -0.788331 0
    outer loop
      vertex 2.3828 -3.21283 0
      vertex 2.53757 -3.09204 10
      vertex 2.3828 -3.21283 10
    endloop
  endfacet
  facet normal 0.615252 -0.788331 0
    outer loop
      vertex 2.53757 -3.09204 10
      vertex 2.3828 -3.21283 0
      vertex 2.53757 -3.09204 0
    endloop
  endfacet
  facet normal 0.313659 -0.949536 0
    outer loop
      vertex 1.16114 -3.82776 0
      vertex 1.34756 -3.76618 10
      vertex 1.16114 -3.82776 10
    endloop
  endfacet
  facet normal 0.313659 -0.949536 0
    outer loop
      vertex 1.34756 -3.76618 10
      vertex 1.16114 -3.82776 0
      vertex 1.34756 -3.76618 0
    endloop
  endfacet
  facet normal -0.999699 -0.0245506 0
    outer loop
      vertex -3.99518 -0.19627 0
      vertex -4 0 2
      vertex -4 0 0
    endloop
  endfacet
  facet normal -0.999699 -0.0245506 0
    outer loop
      vertex -4 0 2
      vertex -3.99518 -0.19627 0
      vertex -3.99518 -0.19627 2
    endloop
  endfacet
  facet normal 0.870083 -0.492905 0
    outer loop
      vertex 3.43091 -2.05641 10
      vertex 3.52768 -1.88559 0
      vertex 3.52768 -1.88559 10
    endloop
  endfacet
  facet normal 0.870083 -0.492905 0
    outer loop
      vertex 3.52768 -1.88559 0
      vertex 3.43091 -2.05641 10
      vertex 3.43091 -2.05641 0
    endloop
  endfacet
  facet normal -0.359911 -0.932987 0
    outer loop
      vertex -1.53073 -3.69552 0
      vertex -1.34756 -3.76618 10
      vertex -1.53073 -3.69552 10
    endloop
  endfacet
  facet normal -0.359911 -0.932987 -0
    outer loop
      vertex -1.34756 -3.76618 10
      vertex -1.53073 -3.69552 0
      vertex -1.34756 -3.76618 0
    endloop
  endfacet
  facet normal 0.844867 -0.534976 0
    outer loop
      vertex 3.32588 -2.22228 10
      vertex 3.43091 -2.05641 0
      vertex 3.43091 -2.05641 10
    endloop
  endfacet
  facet normal 0.844867 -0.534976 0
    outer loop
      vertex 3.43091 -2.05641 0
      vertex 3.32588 -2.22228 10
      vertex 3.32588 -2.22228 0
    endloop
  endfacet
  facet normal 0.975698 -0.219121 0
    outer loop
      vertex 3.88012 -0.97192 2
      vertex 3.92314 -0.780361 0
      vertex 3.92314 -0.780361 2
    endloop
  endfacet
  facet normal 0.975698 -0.219121 0
    outer loop
      vertex 3.92314 -0.780361 0
      vertex 3.88012 -0.97192 2
      vertex 3.88012 -0.97192 0
    endloop
  endfacet
  facet normal -0.492905 -0.870083 0
    outer loop
      vertex -2.05641 -3.43091 0
      vertex -1.88559 -3.52768 10
      vertex -2.05641 -3.43091 10
    endloop
  endfacet
  facet normal -0.492905 -0.870083 -0
    outer loop
      vertex -1.88559 -3.52768 10
      vertex -2.05641 -3.43091 0
      vertex -1.88559 -3.52768 0
    endloop
  endfacet
  facet normal -0.844867 -0.534976 0
    outer loop
      vertex -3.32588 -2.22228 0
      vertex -3.43091 -2.05641 10
      vertex -3.43091 -2.05641 0
    endloop
  endfacet
  facet normal -0.844867 -0.534976 0
    outer loop
      vertex -3.43091 -2.05641 10
      vertex -3.32588 -2.22228 0
      vertex -3.32588 -2.22228 10
    endloop
  endfacet
  facet normal 0.219121 0.975698 -0
    outer loop
      vertex 0.97192 3.88012 0
      vertex 0.780361 3.92314 10
      vertex 0.97192 3.88012 10
    endloop
  endfacet
  facet normal 0.219121 0.975698 0
    outer loop
      vertex 0.780361 3.92314 10
      vertex 0.97192 3.88012 0
      vertex 0.780361 3.92314 0
    endloop
  endfacet
  facet normal 0.313659 0.949536 -0
    outer loop
      vertex 1.34756 3.76618 0
      vertex 1.16114 3.82776 10
      vertex 1.34756 3.76618 10
    endloop
  endfacet
  facet normal 0.313659 0.949536 0
    outer loop
      vertex 1.16114 3.82776 10
      vertex 1.34756 3.76618 0
      vertex 1.16114 3.82776 0
    endloop
  endfacet
  facet normal 0.492905 0.870083 -0
    outer loop
      vertex 2.05641 3.43091 0
      vertex 1.88559 3.52768 10
      vertex 2.05641 3.43091 10
    endloop
  endfacet
  facet normal 0.492905 0.870083 0
    outer loop
      vertex 1.88559 3.52768 10
      vertex 2.05641 3.43091 0
      vertex 1.88559 3.52768 0
    endloop
  endfacet
  facet normal -0.653162 -0.757218 0
    outer loop
      vertex -2.68624 -2.9638 0
      vertex -2.53757 -3.09204 10
      vertex -2.68624 -2.9638 10
    endloop
  endfacet
  facet normal -0.653162 -0.757218 -0
    outer loop
      vertex -2.53757 -3.09204 10
      vertex -2.68624 -2.9638 0
      vertex -2.53757 -3.09204 0
    endloop
  endfacet
  facet normal -0.575805 0.817587 0
    outer loop
      vertex -2.22228 3.32588 0
      vertex -2.3828 3.21283 10
      vertex -2.22228 3.32588 10
    endloop
  endfacet
  facet normal -0.575805 0.817587 0
    outer loop
      vertex -2.3828 3.21283 10
      vertex -2.22228 3.32588 0
      vertex -2.3828 3.21283 0
    endloop
  endfacet
  facet normal -0.757218 0.653162 0
    outer loop
      vertex -3.09204 2.53757 0
      vertex -2.9638 2.68624 10
      vertex -2.9638 2.68624 0
    endloop
  endfacet
  facet normal -0.757218 0.653162 0
    outer loop
      vertex -2.9638 2.68624 10
      vertex -3.09204 2.53757 0
      vertex -3.09204 2.53757 10
    endloop
  endfacet
  facet normal -0.615252 0.788331 0
    outer loop
      vertex -2.3828 3.21283 0
      vertex -2.53757 3.09204 10
      vertex -2.3828 3.21283 10
    endloop
  endfacet
  facet normal -0.615252 0.788331 0
    outer loop
      vertex -2.53757 3.09204 10
      vertex -2.3828 3.21283 0
      vertex -2.53757 3.09204 0
    endloop
  endfacet
  facet normal -0.992481 0.122396 0
    outer loop
      vertex -3.98074 0.392068 0
      vertex -3.95671 0.586922 2
      vertex -3.95671 0.586922 0
    endloop
  endfacet
  facet normal -0.992481 0.122396 0
    outer loop
      vertex -3.95671 0.586922 2
      vertex -3.98074 0.392068 0
      vertex -3.98074 0.392068 2
    endloop
  endfacet
  facet normal -0.985273 0.170987 0
    outer loop
      vertex -3.95671 0.586922 0
      vertex -3.92314 0.780361 2
      vertex -3.92314 0.780361 0
    endloop
  endfacet
  facet normal -0.985273 0.170987 0
    outer loop
      vertex -3.92314 0.780361 2
      vertex -3.95671 0.586922 0
      vertex -3.95671 0.586922 2
    endloop
  endfacet
  facet normal -0.997292 0.0735497 0
    outer loop
      vertex -3.99518 0.19627 0
      vertex -3.98074 0.392068 2
      vertex -3.98074 0.392068 0
    endloop
  endfacet
  facet normal -0.997292 0.0735497 0
    outer loop
      vertex -3.98074 0.392068 2
      vertex -3.99518 0.19627 0
      vertex -3.99518 0.19627 2
    endloop
  endfacet
  facet normal -0.492905 0.870083 0
    outer loop
      vertex -1.88559 3.52768 0
      vertex -2.05641 3.43091 10
      vertex -1.88559 3.52768 10
    endloop
  endfacet
  facet normal -0.492905 0.870083 0
    outer loop
      vertex -2.05641 3.43091 10
      vertex -1.88559 3.52768 0
      vertex -2.05641 3.43091 0
    endloop
  endfacet
  facet normal -0.266693 0.963782 0
    outer loop
      vertex -0.97192 3.88012 0
      vertex -1.16114 3.82776 10
      vertex -0.97192 3.88012 10
    endloop
  endfacet
  facet normal -0.266693 0.963782 0
    outer loop
      vertex -1.16114 3.82776 10
      vertex -0.97192 3.88012 0
      vertex -1.16114 3.82776 0
    endloop
  endfacet
  facet normal -0.0735497 -0.997292 0
    outer loop
      vertex -0.392068 -3.98074 0
      vertex -0.19627 -3.99518 2
      vertex -0.392068 -3.98074 2
    endloop
  endfacet
  facet normal -0.0735497 -0.997292 -0
    outer loop
      vertex -0.19627 -3.99518 2
      vertex -0.392068 -3.98074 0
      vertex -0.19627 -3.99518 0
    endloop
  endfacet
  facet normal 0.724263 -0.689524 0
    outer loop
      vertex 2.82843 -2.82843 10
      vertex 2.9638 -2.68624 0
      vertex 2.9638 -2.68624 10
    endloop
  endfacet
  facet normal 0.724263 -0.689524 0
    outer loop
      vertex 2.9638 -2.68624 0
      vertex 2.82843 -2.82843 10
      vertex 2.82843 -2.82843 0
    endloop
  endfacet
  facet normal 0.757218 0.653162 0
    outer loop
      vertex 3.09204 2.53757 10
      vertex 2.9638 2.68624 0
      vertex 2.9638 2.68624 10
    endloop
  endfacet
  facet normal 0.757218 0.653162 0
    outer loop
      vertex 2.9638 2.68624 0
      vertex 3.09204 2.53757 10
      vertex 3.09204 2.53757 0
    endloop
  endfacet
  facet normal 0.689524 -0.724263 0
    outer loop
      vertex 2.68624 -2.9638 0
      vertex 2.82843 -2.82843 10
      vertex 2.68624 -2.9638 10
    endloop
  endfacet
  facet normal 0.689524 -0.724263 0
    outer loop
      vertex 2.82843 -2.82843 10
      vertex 2.68624 -2.9638 0
      vertex 2.82843 -2.82843 0
    endloop
  endfacet
  facet normal -0.963783 -0.266688 0
    outer loop
      vertex -3.88012 -0.97192 0
      vertex -3.87235 -1 2
      vertex -3.88012 -0.97192 2
    endloop
  endfacet
  facet normal -0.963782 -0.266693 -7.48736e-08
    outer loop
      vertex -3.82776 -1.16114 0
      vertex -3.87235 -1 2
      vertex -3.88012 -0.97192 0
    endloop
  endfacet
  facet normal -0.963781 -0.266694 -0
    outer loop
      vertex -3.82776 -1.16114 10
      vertex -3.87235 -1 2
      vertex -3.82776 -1.16114 0
    endloop
  endfacet
  facet normal -0.963781 -0.266694 0
    outer loop
      vertex -3.87235 -1 2
      vertex -3.82776 -1.16114 10
      vertex -3.87235 -1 10
    endloop
  endfacet
  facet normal 0.914214 -0.405231 0
    outer loop
      vertex 3.61596 -1.71022 10
      vertex 3.69552 -1.53073 0
      vertex 3.69552 -1.53073 10
    endloop
  endfacet
  facet normal 0.914214 -0.405231 0
    outer loop
      vertex 3.69552 -1.53073 0
      vertex 3.61596 -1.71022 10
      vertex 3.61596 -1.71022 0
    endloop
  endfacet
  facet normal 0.932987 -0.359911 0
    outer loop
      vertex 3.69552 -1.53073 10
      vertex 3.76618 -1.34756 0
      vertex 3.76618 -1.34756 10
    endloop
  endfacet
  facet normal 0.932987 -0.359911 0
    outer loop
      vertex 3.76618 -1.34756 0
      vertex 3.69552 -1.53073 10
      vertex 3.69552 -1.53073 0
    endloop
  endfacet
  facet normal 0.266693 0.963782 -0
    outer loop
      vertex 1.16114 3.82776 0
      vertex 0.97192 3.88012 10
      vertex 1.16114 3.82776 10
    endloop
  endfacet
  facet normal 0.266693 0.963782 0
    outer loop
      vertex 0.97192 3.88012 10
      vertex 1.16114 3.82776 0
      vertex 0.97192 3.88012 0
    endloop
  endfacet
  facet normal 0 0 -1
    outer loop
      vertex 0.572712 -1.60062 0
      vertex 1.34756 -3.76618 0
      vertex 1.16114 -3.82776 0
    endloop
  endfacet
  facet normal 0 0 -1
    outer loop
      vertex 1.34756 -3.76618 0
      vertex 1.14165 -1.25962 0
      vertex 1.2 -1.20406 0
    endloop
  endfacet
  facet normal 0 0 -1
    outer loop
      vertex 1.34756 -3.76618 0
      vertex 1.07847 -1.31412 0
      vertex 1.14165 -1.25962 0
    endloop
  endfacet
  facet normal 0 0 -1
    outer loop
      vertex 1.34756 -3.76618 0
      vertex 1.01269 -1.36545 0
      vertex 1.07847 -1.31412 0
    endloop
  endfacet
  facet normal 0 0 -1
    outer loop
      vertex 0.493484 -1.6268 0
      vertex 1.16114 -3.82776 0
      vertex 0.97192 -3.88012 0
    endloop
  endfacet
  facet normal 0 0 -1
    outer loop
      vertex 1.34756 -3.76618 0
      vertex 0.944468 -1.4135 0
      vertex 1.01269 -1.36545 0
    endloop
  endfacet
  facet normal 0 0 -1
    outer loop
      vertex 1.34756 -3.76618 0
      vertex 0.873974 -1.45814 0
      vertex 0.944468 -1.4135 0
    endloop
  endfacet
  facet normal 0 0 -1
    outer loop
      vertex 1.34756 -3.76618 0
      vertex 0.801374 -1.49927 0
      vertex 0.873974 -1.45814 0
    endloop
  endfacet
  facet normal 0 0 -1
    outer loop
      vertex 0.413066 -1.64905 0
      vertex 0.97192 -3.88012 0
      vertex 0.780361 -3.92314 0
    endloop
  endfacet
  facet normal 0 0 -1
    outer loop
      vertex 1.34756 -3.76618 0
      vertex 0.726843 -1.53678 0
      vertex 0.801374 -1.49927 0
    endloop
  endfacet
  facet normal 0 0 -1
    outer loop
      vertex 1.34756 -3.76618 0
      vertex 0.650561 -1.57059 0
      vertex 0.726843 -1.53678 0
    endloop
  endfacet
  facet normal 0 0 -1
    outer loop
      vertex 0.331653 -1.66733 0
      vertex 0.780361 -3.92314 0
      vertex 0.586922 -3.95671 0
    endloop
  endfacet
  facet normal 0 0 -1
    outer loop
      vertex 1.34756 -3.76618 0
      vertex 0.572712 -1.60062 0
      vertex 0.650561 -1.57059 0
    endloop
  endfacet
  facet normal 0 0 -1
    outer loop
      vertex 1.16114 -3.82776 0
      vertex 0.493484 -1.6268 0
      vertex 0.572712 -1.60062 0
    endloop
  endfacet
  facet normal 0 0 -1
    outer loop
      vertex 0.97192 -3.88012 0
      vertex 0.413066 -1.64905 0
      vertex 0.493484 -1.6268 0
    endloop
  endfacet
  facet normal 0 0 -1
    outer loop
      vertex 0.249441 -1.6816 0
      vertex 0.586922 -3.95671 0
      vertex 0.392068 -3.98074 0
    endloop
  endfacet
  facet normal 0 0 -1
    outer loop
      vertex 0.780361 -3.92314 0
      vertex 0.331653 -1.66733 0
      vertex 0.413066 -1.64905 0
    endloop
  endfacet
  facet normal 0 0 -1
    outer loop
      vertex 0.586922 -3.95671 0
      vertex 0.249441 -1.6816 0
      vertex 0.331653 -1.66733 0
    endloop
  endfacet
  facet normal 0 0 -1
    outer loop
      vertex 0.166629 -1.69181 0
      vertex 0.392068 -3.98074 0
      vertex 0.19627 -3.99518 0
    endloop
  endfacet
  facet normal 0 0 -1
    outer loop
      vertex 0.392068 -3.98074 0
      vertex 0.166629 -1.69181 0
      vertex 0.249441 -1.6816 0
    endloop
  endfacet
  facet normal 0 0 -1
    outer loop
      vertex 0.19627 -3.99518 0
      vertex 0.083415 -1.69795 0
      vertex 0.166629 -1.69181 0
    endloop
  endfacet
  facet normal 0 0 -1
    outer loop
      vertex 0 -4 0
      vertex 0.083415 -1.69795 0
      vertex 0.19627 -3.99518 0
    endloop
  endfacet
  facet normal 0 0 -1
    outer loop
      vertex 0 -4 0
      vertex 0 -1.7 0
      vertex 0.083415 -1.69795 0
    endloop
  endfacet
  facet normal 0 0 -1
    outer loop
      vertex 0 -4 0
      vertex -0.083415 -1.69795 0
      vertex 0 -1.7 0
    endloop
  endfacet
  facet normal 0 0 -1
    outer loop
      vertex -0.19627 -3.99518 0
      vertex -0.083415 -1.69795 0
      vertex 0 -4 0
    endloop
  endfacet
  facet normal -0 0 -1
    outer loop
      vertex -0.083415 -1.69795 0
      vertex -0.19627 -3.99518 0
      vertex -0.166629 -1.69181 0
    endloop
  endfacet
  facet normal 0 0 -1
    outer loop
      vertex -0.392068 -3.98074 0
      vertex -0.166629 -1.69181 0
      vertex -0.19627 -3.99518 0
    endloop
  endfacet
  facet normal -0 0 -1
    outer loop
      vertex -0.166629 -1.69181 0
      vertex -0.392068 -3.98074 0
      vertex -0.249441 -1.6816 0
    endloop
  endfacet
  facet normal 0 0 -1
    outer loop
      vertex -0.586922 -3.95671 0
      vertex -0.249441 -1.6816 0
      vertex -0.392068 -3.98074 0
    endloop
  endfacet
  facet normal -0 0 -1
    outer loop
      vertex -0.249441 -1.6816 0
      vertex -0.586922 -3.95671 0
      vertex -0.331653 -1.66733 0
    endloop
  endfacet
  facet normal 0 0 -1
    outer loop
      vertex -0.780361 -3.92314 0
      vertex -0.331653 -1.66733 0
      vertex -0.586922 -3.95671 0
    endloop
  endfacet
  facet normal -0 0 -1
    outer loop
      vertex -0.331653 -1.66733 0
      vertex -0.780361 -3.92314 0
      vertex -0.413066 -1.64905 0
    endloop
  endfacet
  facet normal 0 0 -1
    outer loop
      vertex -0.97192 -3.88012 0
      vertex -0.413066 -1.64905 0
      vertex -0.780361 -3.92314 0
    endloop
  endfacet
  facet normal -0 0 -1
    outer loop
      vertex -0.413066 -1.64905 0
      vertex -0.97192 -3.88012 0
      vertex -0.493484 -1.6268 0
    endloop
  endfacet
  facet normal 0 0 -1
    outer loop
      vertex -1.16114 -3.82776 0
      vertex -0.493484 -1.6268 0
      vertex -0.97192 -3.88012 0
    endloop
  endfacet
  facet normal -0 0 -1
    outer loop
      vertex -0.493484 -1.6268 0
      vertex -1.16114 -3.82776 0
      vertex -0.572712 -1.60062 0
    endloop
  endfacet
  facet normal 0 0 -1
    outer loop
      vertex -1.34756 -3.76618 0
      vertex -0.572712 -1.60062 0
      vertex -1.16114 -3.82776 0
    endloop
  endfacet
  facet normal -0 0 -1
    outer loop
      vertex -0.572712 -1.60062 0
      vertex -1.34756 -3.76618 0
      vertex -0.650561 -1.57059 0
    endloop
  endfacet
  facet normal 0 0 -1
    outer loop
      vertex -1.53073 -3.69552 0
      vertex -0.650561 -1.57059 0
      vertex -1.34756 -3.76618 0
    endloop
  endfacet
  facet normal -0 0 -1
    outer loop
      vertex -0.650561 -1.57059 0
      vertex -1.53073 -3.69552 0
      vertex -0.726843 -1.53678 0
    endloop
  endfacet
  facet normal 0 0 -1
    outer loop
      vertex -1.71022 -3.61596 0
      vertex -0.726843 -1.53678 0
      vertex -1.53073 -3.69552 0
    endloop
  endfacet
  facet normal -0 0 -1
    outer loop
      vertex -0.726843 -1.53678 0
      vertex -1.71022 -3.61596 0
      vertex -0.801374 -1.49927 0
    endloop
  endfacet
  facet normal 0 0 -1
    outer loop
      vertex -1.88559 -3.52768 0
      vertex -0.801374 -1.49927 0
      vertex -1.71022 -3.61596 0
    endloop
  endfacet
  facet normal -0 0 -1
    outer loop
      vertex -0.801374 -1.49927 0
      vertex -1.88559 -3.52768 0
      vertex -0.873974 -1.45814 0
    endloop
  endfacet
  facet normal 0 0 -1
    outer loop
      vertex -2.05641 -3.43091 0
      vertex -0.873974 -1.45814 0
      vertex -1.88559 -3.52768 0
    endloop
  endfacet
  facet normal -0 0 -1
    outer loop
      vertex -0.873974 -1.45814 0
      vertex -2.05641 -3.43091 0
      vertex -0.944468 -1.4135 0
    endloop
  endfacet
  facet normal 0 0 -1
    outer loop
      vertex -2.22228 -3.32588 0
      vertex -0.944468 -1.4135 0
      vertex -2.05641 -3.43091 0
    endloop
  endfacet
  facet normal -0 0 -1
    outer loop
      vertex -0.944468 -1.4135 0
      vertex -2.22228 -3.32588 0
      vertex -1.01269 -1.36545 0
    endloop
  endfacet
  facet normal 0 0 -1
    outer loop
      vertex -2.3828 -3.21283 0
      vertex -1.01269 -1.36545 0
      vertex -2.22228 -3.32588 0
    endloop
  endfacet
  facet normal -0 0 -1
    outer loop
      vertex -1.01269 -1.36545 0
      vertex -2.3828 -3.21283 0
      vertex -1.07847 -1.31412 0
    endloop
  endfacet
  facet normal 0 0 -1
    outer loop
      vertex -2.53757 -3.09204 0
      vertex -1.07847 -1.31412 0
      vertex -2.3828 -3.21283 0
    endloop
  endfacet
  facet normal -0 0 -1
    outer loop
      vertex -1.07847 -1.31412 0
      vertex -2.53757 -3.09204 0
      vertex -1.14165 -1.25962 0
    endloop
  endfacet
  facet normal 0 0 -1
    outer loop
      vertex -2.68624 -2.9638 0
      vertex -1.14165 -1.25962 0
      vertex -2.53757 -3.09204 0
    endloop
  endfacet
  facet normal -0 0 -1
    outer loop
      vertex -1.14165 -1.25962 0
      vertex -2.68624 -2.9638 0
      vertex -1.20208 -1.20208 0
    endloop
  endfacet
  facet normal 0 0 -1
    outer loop
      vertex -2.82843 -2.82843 0
      vertex -1.20208 -1.20208 0
      vertex -2.68624 -2.9638 0
    endloop
  endfacet
  facet normal -0 0 -1
    outer loop
      vertex -1.20208 -1.20208 0
      vertex -2.82843 -2.82843 0
      vertex -1.25962 -1.14165 0
    endloop
  endfacet
  facet normal 0 0 -1
    outer loop
      vertex -2.9638 -2.68624 0
      vertex -1.25962 -1.14165 0
      vertex -2.82843 -2.82843 0
    endloop
  endfacet
  facet normal -0 0 -1
    outer loop
      vertex -1.25962 -1.14165 0
      vertex -2.9638 -2.68624 0
      vertex -1.31412 -1.07847 0
    endloop
  endfacet
  facet normal 0 0 -1
    outer loop
      vertex -3.09204 -2.53757 0
      vertex -1.31412 -1.07847 0
      vertex -2.9638 -2.68624 0
    endloop
  endfacet
  facet normal -0 0 -1
    outer loop
      vertex -1.31412 -1.07847 0
      vertex -3.09204 -2.53757 0
      vertex -1.36545 -1.01269 0
    endloop
  endfacet
  facet normal 0 0 -1
    outer loop
      vertex -3.21283 -2.3828 0
      vertex -1.36545 -1.01269 0
      vertex -3.09204 -2.53757 0
    endloop
  endfacet
  facet normal -0 0 -1
    outer loop
      vertex -1.36545 -1.01269 0
      vertex -3.21283 -2.3828 0
      vertex -1.4135 -0.944468 0
    endloop
  endfacet
  facet normal -0 0 -1
    outer loop
      vertex -1.4135 -0.944468 0
      vertex -3.32588 -2.22228 0
      vertex -1.45814 -0.873974 0
    endloop
  endfacet
  facet normal 0 0 -1
    outer loop
      vertex -3.32588 -2.22228 0
      vertex -1.4135 -0.944468 0
      vertex -3.21283 -2.3828 0
    endloop
  endfacet
  facet normal 0 0 -1
    outer loop
      vertex 1.2 -0.5 0
      vertex 3.95671 -0.586922 0
      vertex 3.92314 -0.780361 0
    endloop
  endfacet
  facet normal 0 0 -1
    outer loop
      vertex 1.2 -0.5 0
      vertex 3.92314 -0.780361 0
      vertex 3.88012 -0.97192 0
    endloop
  endfacet
  facet normal 0 0 -1
    outer loop
      vertex 1.2 -0.5 0
      vertex 3.88012 -0.97192 0
      vertex 3.82776 -1.16114 0
    endloop
  endfacet
  facet normal 0 0 -1
    outer loop
      vertex 1.2 -0.5 0
      vertex 3.82776 -1.16114 0
      vertex 3.76618 -1.34756 0
    endloop
  endfacet
  facet normal 0 0 -1
    outer loop
      vertex 1.2 -1.20406 0
      vertex 3.76618 -1.34756 0
      vertex 3.69552 -1.53073 0
    endloop
  endfacet
  facet normal 0 0 -1
    outer loop
      vertex 1.2 -1.20406 0
      vertex 3.69552 -1.53073 0
      vertex 3.61596 -1.71022 0
    endloop
  endfacet
  facet normal 0 0 -1
    outer loop
      vertex 1.2 -1.20406 0
      vertex 3.61596 -1.71022 0
      vertex 3.52768 -1.88559 0
    endloop
  endfacet
  facet normal 0 0 -1
    outer loop
      vertex 1.2 -1.20406 0
      vertex 3.52768 -1.88559 0
      vertex 3.43091 -2.05641 0
    endloop
  endfacet
  facet normal 0 0 -1
    outer loop
      vertex 1.2 -1.20406 0
      vertex 3.43091 -2.05641 0
      vertex 3.32588 -2.22228 0
    endloop
  endfacet
  facet normal 0 0 -1
    outer loop
      vertex 1.2 -1.20406 0
      vertex 3.32588 -2.22228 0
      vertex 3.21283 -2.3828 0
    endloop
  endfacet
  facet normal 0 0 -1
    outer loop
      vertex 1.2 -1.20406 0
      vertex 3.21283 -2.3828 0
      vertex 3.09204 -2.53757 0
    endloop
  endfacet
  facet normal 0 0 -1
    outer loop
      vertex 1.2 -1.20406 0
      vertex 3.09204 -2.53757 0
      vertex 2.9638 -2.68624 0
    endloop
  endfacet
  facet normal 0 0 -1
    outer loop
      vertex 1.2 -1.20406 0
      vertex 2.9638 -2.68624 0
      vertex 2.82843 -2.82843 0
    endloop
  endfacet
  facet normal 0 0 -1
    outer loop
      vertex 1.2 -1.20406 0
      vertex 2.82843 -2.82843 0
      vertex 2.68624 -2.9638 0
    endloop
  endfacet
  facet normal 0 0 -1
    outer loop
      vertex 1.2 -1.20406 0
      vertex 2.68624 -2.9638 0
      vertex 2.53757 -3.09204 0
    endloop
  endfacet
  facet normal 0 0 -1
    outer loop
      vertex 1.2 -1.20406 0
      vertex 2.53757 -3.09204 0
      vertex 2.3828 -3.21283 0
    endloop
  endfacet
  facet normal 0 0 -1
    outer loop
      vertex 1.2 -1.20406 0
      vertex 2.3828 -3.21283 0
      vertex 2.22228 -3.32588 0
    endloop
  endfacet
  facet normal 0 0 -1
    outer loop
      vertex 1.2 -1.20406 0
      vertex 2.22228 -3.32588 0
      vertex 2.05641 -3.43091 0
    endloop
  endfacet
  facet normal 0 0 -1
    outer loop
      vertex 1.2 -1.20406 0
      vertex 2.05641 -3.43091 0
      vertex 1.88559 -3.52768 0
    endloop
  endfacet
  facet normal 0 0 -1
    outer loop
      vertex 1.2 -1.20406 0
      vertex 1.88559 -3.52768 0
      vertex 1.71022 -3.61596 0
    endloop
  endfacet
  facet normal 0 0 -1
    outer loop
      vertex 1.2 -1.20406 0
      vertex 1.71022 -3.61596 0
      vertex 1.53073 -3.69552 0
    endloop
  endfacet
  facet normal 0 0 -1
    outer loop
      vertex 1.2 -1.20406 0
      vertex 1.53073 -3.69552 0
      vertex 1.34756 -3.76618 0
    endloop
  endfacet
  facet normal 0 0 -1
    outer loop
      vertex 3.76618 -1.34756 0
      vertex 1.2 -1.20406 0
      vertex 1.2 -0.5 0
    endloop
  endfacet
  facet normal 0 0 -1
    outer loop
      vertex 3.95671 -0.586922 0
      vertex 1.2 -0.5 0
      vertex 3.96743 -0.5 0
    endloop
  endfacet
  facet normal 0 0 -1
    outer loop
      vertex 1.2 0.5 0
      vertex 3.95671 0.586922 0
      vertex 3.96743 0.5 0
    endloop
  endfacet
  facet normal -0 0 -1
    outer loop
      vertex 3.95671 0.586922 0
      vertex 1.2 0.5 0
      vertex 3.92314 0.780361 0
    endloop
  endfacet
  facet normal -0 0 -1
    outer loop
      vertex 3.92314 0.780361 0
      vertex 1.2 0.5 0
      vertex 3.88012 0.97192 0
    endloop
  endfacet
  facet normal -0 0 -1
    outer loop
      vertex 3.88012 0.97192 0
      vertex 1.2 0.5 0
      vertex 3.82776 1.16114 0
    endloop
  endfacet
  facet normal -0 0 -1
    outer loop
      vertex 3.82776 1.16114 0
      vertex 1.2 0.5 0
      vertex 3.76618 1.34756 0
    endloop
  endfacet
  facet normal 0 0 -1
    outer loop
      vertex 1.2 1.20406 0
      vertex 3.76618 1.34756 0
      vertex 1.2 0.5 0
    endloop
  endfacet
  facet normal -0 0 -1
    outer loop
      vertex 3.76618 1.34756 0
      vertex 1.2 1.20406 0
      vertex 3.69552 1.53073 0
    endloop
  endfacet
  facet normal -0 0 -1
    outer loop
      vertex 3.69552 1.53073 0
      vertex 1.2 1.20406 0
      vertex 3.61596 1.71022 0
    endloop
  endfacet
  facet normal -0 0 -1
    outer loop
      vertex 3.52768 1.88559 0
      vertex 1.2 1.20406 0
      vertex 3.43091 2.05641 0
    endloop
  endfacet
  facet normal -0 0 -1
    outer loop
      vertex 3.43091 2.05641 0
      vertex 1.2 1.20406 0
      vertex 3.32588 2.22228 0
    endloop
  endfacet
  facet normal -0 0 -1
    outer loop
      vertex 3.32588 2.22228 0
      vertex 1.2 1.20406 0
      vertex 3.21283 2.3828 0
    endloop
  endfacet
  facet normal -0 0 -1
    outer loop
      vertex 3.21283 2.3828 0
      vertex 1.2 1.20406 0
      vertex 3.09204 2.53757 0
    endloop
  endfacet
  facet normal -0 0 -1
    outer loop
      vertex 3.09204 2.53757 0
      vertex 1.2 1.20406 0
      vertex 2.9638 2.68624 0
    endloop
  endfacet
  facet normal -0 0 -1
    outer loop
      vertex 2.9638 2.68624 0
      vertex 1.2 1.20406 0
      vertex 2.82843 2.82843 0
    endloop
  endfacet
  facet normal -0 0 -1
    outer loop
      vertex 2.82843 2.82843 0
      vertex 1.2 1.20406 0
      vertex 2.68624 2.9638 0
    endloop
  endfacet
  facet normal 0 0 -1
    outer loop
      vertex 1.14165 1.25962 0
      vertex 2.68624 2.9638 0
      vertex 1.2 1.20406 0
    endloop
  endfacet
  facet normal -0 0 -1
    outer loop
      vertex 2.68624 2.9638 0
      vertex 1.14165 1.25962 0
      vertex 2.53757 3.09204 0
    endloop
  endfacet
  facet normal 0 0 -1
    outer loop
      vertex 1.07847 1.31412 0
      vertex 2.53757 3.09204 0
      vertex 1.14165 1.25962 0
    endloop
  endfacet
  facet normal -0 0 -1
    outer loop
      vertex 2.53757 3.09204 0
      vertex 1.07847 1.31412 0
      vertex 2.3828 3.21283 0
    endloop
  endfacet
  facet normal 0 0 -1
    outer loop
      vertex 1.01269 1.36545 0
      vertex 2.3828 3.21283 0
      vertex 1.07847 1.31412 0
    endloop
  endfacet
  facet normal -0 0 -1
    outer loop
      vertex 2.3828 3.21283 0
      vertex 1.01269 1.36545 0
      vertex 2.22228 3.32588 0
    endloop
  endfacet
  facet normal 0 0 -1
    outer loop
      vertex 0.944468 1.4135 0
      vertex 2.22228 3.32588 0
      vertex 1.01269 1.36545 0
    endloop
  endfacet
  facet normal -0 0 -1
    outer loop
      vertex 3.61596 1.71022 0
      vertex 1.2 1.20406 0
      vertex 3.52768 1.88559 0
    endloop
  endfacet
  facet normal -0 0 -1
    outer loop
      vertex 2.22228 3.32588 0
      vertex 0.944468 1.4135 0
      vertex 2.05641 3.43091 0
    endloop
  endfacet
  facet normal 0 0 -1
    outer loop
      vertex 0.873974 1.45814 0
      vertex 2.05641 3.43091 0
      vertex 0.944468 1.4135 0
    endloop
  endfacet
  facet normal -0 0 -1
    outer loop
      vertex 2.05641 3.43091 0
      vertex 0.873974 1.45814 0
      vertex 1.88559 3.52768 0
    endloop
  endfacet
  facet normal 0 0 -1
    outer loop
      vertex 0.801374 1.49927 0
      vertex 1.88559 3.52768 0
      vertex 0.873974 1.45814 0
    endloop
  endfacet
  facet normal -0 0 -1
    outer loop
      vertex 1.88559 3.52768 0
      vertex 0.801374 1.49927 0
      vertex 1.71022 3.61596 0
    endloop
  endfacet
  facet normal 0 0 -1
    outer loop
      vertex 0.726843 1.53678 0
      vertex 1.71022 3.61596 0
      vertex 0.801374 1.49927 0
    endloop
  endfacet
  facet normal -0 0 -1
    outer loop
      vertex 1.71022 3.61596 0
      vertex 0.726843 1.53678 0
      vertex 1.53073 3.69552 0
    endloop
  endfacet
  facet normal 0 0 -1
    outer loop
      vertex 0.650561 1.57059 0
      vertex 1.53073 3.69552 0
      vertex 0.726843 1.53678 0
    endloop
  endfacet
  facet normal -0 0 -1
    outer loop
      vertex 1.53073 3.69552 0
      vertex 0.650561 1.57059 0
      vertex 1.34756 3.76618 0
    endloop
  endfacet
  facet normal 0 0 -1
    outer loop
      vertex 0.572712 1.60062 0
      vertex 1.34756 3.76618 0
      vertex 0.650561 1.57059 0
    endloop
  endfacet
  facet normal -0 0 -1
    outer loop
      vertex 1.34756 3.76618 0
      vertex 0.572712 1.60062 0
      vertex 1.16114 3.82776 0
    endloop
  endfacet
  facet normal 0 0 -1
    outer loop
      vertex 0.493484 1.6268 0
      vertex 1.16114 3.82776 0
      vertex 0.572712 1.60062 0
    endloop
  endfacet
  facet normal -0 0 -1
    outer loop
      vertex 1.16114 3.82776 0
      vertex 0.493484 1.6268 0
      vertex 0.97192 3.88012 0
    endloop
  endfacet
  facet normal 0 0 -1
    outer loop
      vertex 0.413066 1.64905 0
      vertex 0.97192 3.88012 0
      vertex 0.493484 1.6268 0
    endloop
  endfacet
  facet normal -0 0 -1
    outer loop
      vertex 0.97192 3.88012 0
      vertex 0.413066 1.64905 0
      vertex 0.780361 3.92314 0
    endloop
  endfacet
  facet normal 0 0 -1
    outer loop
      vertex 0.331653 1.66733 0
      vertex 0.780361 3.92314 0
      vertex 0.413066 1.64905 0
    endloop
  endfacet
  facet normal -0 0 -1
    outer loop
      vertex 0.780361 3.92314 0
      vertex 0.331653 1.66733 0
      vertex 0.586922 3.95671 0
    endloop
  endfacet
  facet normal 0 0 -1
    outer loop
      vertex 0.249441 1.6816 0
      vertex 0.586922 3.95671 0
      vertex 0.331653 1.66733 0
    endloop
  endfacet
  facet normal -0 0 -1
    outer loop
      vertex 0.586922 3.95671 0
      vertex 0.249441 1.6816 0
      vertex 0.392068 3.98074 0
    endloop
  endfacet
  facet normal 0 0 -1
    outer loop
      vertex 0.166629 1.69181 0
      vertex 0.392068 3.98074 0
      vertex 0.249441 1.6816 0
    endloop
  endfacet
  facet normal -0 0 -1
    outer loop
      vertex 0.392068 3.98074 0
      vertex 0.166629 1.69181 0
      vertex 0.19627 3.99518 0
    endloop
  endfacet
  facet normal 0 0 -1
    outer loop
      vertex 0.083415 1.69795 0
      vertex 0.19627 3.99518 0
      vertex 0.166629 1.69181 0
    endloop
  endfacet
  facet normal 0 0 -1
    outer loop
      vertex 0 1.7 0
      vertex 0.19627 3.99518 0
      vertex 0.083415 1.69795 0
    endloop
  endfacet
  facet normal 0 0 -1
    outer loop
      vertex 0 1.7 0
      vertex 0 4 0
      vertex 0.19627 3.99518 0
    endloop
  endfacet
  facet normal 0 0 -1
    outer loop
      vertex -0.083415 1.69795 0
      vertex 0 4 0
      vertex 0 1.7 0
    endloop
  endfacet
  facet normal 0 0 -1
    outer loop
      vertex -0.19627 3.99518 0
      vertex -0.083415 1.69795 0
      vertex -0.166629 1.69181 0
    endloop
  endfacet
  facet normal 0 0 -1
    outer loop
      vertex -0.083415 1.69795 0
      vertex -0.19627 3.99518 0
      vertex 0 4 0
    endloop
  endfacet
  facet normal 0 0 -1
    outer loop
      vertex -0.392068 3.98074 0
      vertex -0.166629 1.69181 0
      vertex -0.249441 1.6816 0
    endloop
  endfacet
  facet normal 0 0 -1
    outer loop
      vertex -0.586922 3.95671 0
      vertex -0.249441 1.6816 0
      vertex -0.331653 1.66733 0
    endloop
  endfacet
  facet normal 0 0 -1
    outer loop
      vertex -0.166629 1.69181 0
      vertex -0.392068 3.98074 0
      vertex -0.19627 3.99518 0
    endloop
  endfacet
  facet normal 0 0 -1
    outer loop
      vertex -0.780361 3.92314 0
      vertex -0.331653 1.66733 0
      vertex -0.413066 1.64905 0
    endloop
  endfacet
  facet normal 0 0 -1
    outer loop
      vertex -0.97192 3.88012 0
      vertex -0.413066 1.64905 0
      vertex -0.493484 1.6268 0
    endloop
  endfacet
  facet normal 0 0 -1
    outer loop
      vertex -1.16114 3.82776 0
      vertex -0.493484 1.6268 0
      vertex -0.572712 1.60062 0
    endloop
  endfacet
  facet normal 0 0 -1
    outer loop
      vertex -0.249441 1.6816 0
      vertex -0.586922 3.95671 0
      vertex -0.392068 3.98074 0
    endloop
  endfacet
  facet normal 0 0 -1
    outer loop
      vertex -1.34756 3.76618 0
      vertex -0.572712 1.60062 0
      vertex -0.650561 1.57059 0
    endloop
  endfacet
  facet normal 0 0 -1
    outer loop
      vertex -1.53073 3.69552 0
      vertex -0.650561 1.57059 0
      vertex -0.726843 1.53678 0
    endloop
  endfacet
  facet normal 0 0 -1
    outer loop
      vertex -0.331653 1.66733 0
      vertex -0.780361 3.92314 0
      vertex -0.586922 3.95671 0
    endloop
  endfacet
  facet normal 0 0 -1
    outer loop
      vertex -1.71022 3.61596 0
      vertex -0.726843 1.53678 0
      vertex -0.801374 1.49927 0
    endloop
  endfacet
  facet normal 0 0 -1
    outer loop
      vertex -1.88559 3.52768 0
      vertex -0.801374 1.49927 0
      vertex -0.873974 1.45814 0
    endloop
  endfacet
  facet normal 0 0 -1
    outer loop
      vertex -2.05641 3.43091 0
      vertex -0.873974 1.45814 0
      vertex -0.944468 1.4135 0
    endloop
  endfacet
  facet normal 0 0 -1
    outer loop
      vertex -0.413066 1.64905 0
      vertex -0.97192 3.88012 0
      vertex -0.780361 3.92314 0
    endloop
  endfacet
  facet normal 0 0 -1
    outer loop
      vertex -2.22228 3.32588 0
      vertex -0.944468 1.4135 0
      vertex -1.01269 1.36545 0
    endloop
  endfacet
  facet normal 0 0 -1
    outer loop
      vertex -2.3828 3.21283 0
      vertex -1.01269 1.36545 0
      vertex -1.07847 1.31412 0
    endloop
  endfacet
  facet normal 0 0 -1
    outer loop
      vertex -2.53757 3.09204 0
      vertex -1.07847 1.31412 0
      vertex -1.14165 1.25962 0
    endloop
  endfacet
  facet normal 0 0 -1
    outer loop
      vertex -0.493484 1.6268 0
      vertex -1.16114 3.82776 0
      vertex -0.97192 3.88012 0
    endloop
  endfacet
  facet normal 0 0 -1
    outer loop
      vertex -2.68624 2.9638 0
      vertex -1.14165 1.25962 0
      vertex -1.20208 1.20208 0
    endloop
  endfacet
  facet normal 0 0 -1
    outer loop
      vertex -2.82843 2.82843 0
      vertex -1.20208 1.20208 0
      vertex -1.25962 1.14165 0
    endloop
  endfacet
  facet normal 0 0 -1
    outer loop
      vertex -2.9638 2.68624 0
      vertex -1.25962 1.14165 0
      vertex -1.31412 1.07847 0
    endloop
  endfacet
  facet normal 0 0 -1
    outer loop
      vertex -0.572712 1.60062 0
      vertex -1.34756 3.76618 0
      vertex -1.16114 3.82776 0
    endloop
  endfacet
  facet normal 0 0 -1
    outer loop
      vertex -3.09204 2.53757 0
      vertex -1.31412 1.07847 0
      vertex -1.36545 1.01269 0
    endloop
  endfacet
  facet normal 0 0 -1
    outer loop
      vertex -3.21283 2.3828 0
      vertex -1.36545 1.01269 0
      vertex -1.4135 0.944468 0
    endloop
  endfacet
  facet normal 0 0 -1
    outer loop
      vertex -3.32588 2.22228 0
      vertex -1.4135 0.944468 0
      vertex -1.45814 0.873974 0
    endloop
  endfacet
  facet normal 0 0 -1
    outer loop
      vertex -3.43091 2.05641 0
      vertex -1.45814 0.873974 0
      vertex -1.49927 0.801374 0
    endloop
  endfacet
  facet normal 0 0 -1
    outer loop
      vertex -0.650561 1.57059 0
      vertex -1.53073 3.69552 0
      vertex -1.34756 3.76618 0
    endloop
  endfacet
  facet normal 0 0 -1
    outer loop
      vertex -3.52768 1.88559 0
      vertex -1.49927 0.801374 0
      vertex -1.53678 0.726843 0
    endloop
  endfacet
  facet normal 0 0 -1
    outer loop
      vertex -3.61596 1.71022 0
      vertex -1.53678 0.726843 0
      vertex -1.57059 0.650561 0
    endloop
  endfacet
  facet normal 0 0 -1
    outer loop
      vertex -3.69552 1.53073 0
      vertex -1.57059 0.650561 0
      vertex -1.60062 0.572712 0
    endloop
  endfacet
  facet normal 0 0 -1
    outer loop
      vertex -3.76618 1.34756 0
      vertex -1.60062 0.572712 0
      vertex -1.6268 0.493484 0
    endloop
  endfacet
  facet normal 0 0 -1
    outer loop
      vertex -3.82776 1.16114 0
      vertex -1.6268 0.493484 0
      vertex -1.64905 0.413066 0
    endloop
  endfacet
  facet normal 0 0 -1
    outer loop
      vertex -3.88012 0.97192 0
      vertex -1.64905 0.413066 0
      vertex -1.66733 0.331653 0
    endloop
  endfacet
  facet normal 0 0 -1
    outer loop
      vertex -3.92314 0.780361 0
      vertex -1.66733 0.331653 0
      vertex -1.6816 0.249441 0
    endloop
  endfacet
  facet normal 0 0 -1
    outer loop
      vertex -3.95671 0.586922 0
      vertex -1.6816 0.249441 0
      vertex -1.69181 0.166629 0
    endloop
  endfacet
  facet normal 0 0 -1
    outer loop
      vertex -3.98074 0.392068 0
      vertex -1.69181 0.166629 0
      vertex -1.69795 0.083415 0
    endloop
  endfacet
  facet normal 0 0 -1
    outer loop
      vertex -0.726843 1.53678 0
      vertex -1.71022 3.61596 0
      vertex -1.53073 3.69552 0
    endloop
  endfacet
  facet normal 0 0 -1
    outer loop
      vertex -3.99518 0.19627 0
      vertex -1.69795 0.083415 0
      vertex -1.7 0 0
    endloop
  endfacet
  facet normal 0 0 -1
    outer loop
      vertex -3.43091 -2.05641 0
      vertex -1.45814 -0.873974 0
      vertex -3.32588 -2.22228 0
    endloop
  endfacet
  facet normal -0 0 -1
    outer loop
      vertex -1.45814 -0.873974 0
      vertex -3.43091 -2.05641 0
      vertex -1.49927 -0.801374 0
    endloop
  endfacet
  facet normal 0 0 -1
    outer loop
      vertex -0.801374 1.49927 0
      vertex -1.88559 3.52768 0
      vertex -1.71022 3.61596 0
    endloop
  endfacet
  facet normal 0 0 -1
    outer loop
      vertex -3.52768 -1.88559 0
      vertex -1.49927 -0.801374 0
      vertex -3.43091 -2.05641 0
    endloop
  endfacet
  facet normal 0 0 -1
    outer loop
      vertex -0.873974 1.45814 0
      vertex -2.05641 3.43091 0
      vertex -1.88559 3.52768 0
    endloop
  endfacet
  facet normal -0 0 -1
    outer loop
      vertex -1.49927 -0.801374 0
      vertex -3.52768 -1.88559 0
      vertex -1.53678 -0.726843 0
    endloop
  endfacet
  facet normal 0 0 -1
    outer loop
      vertex -0.944468 1.4135 0
      vertex -2.22228 3.32588 0
      vertex -2.05641 3.43091 0
    endloop
  endfacet
  facet normal 0 0 -1
    outer loop
      vertex -3.61596 -1.71022 0
      vertex -1.53678 -0.726843 0
      vertex -3.52768 -1.88559 0
    endloop
  endfacet
  facet normal 0 0 -1
    outer loop
      vertex -1.01269 1.36545 0
      vertex -2.3828 3.21283 0
      vertex -2.22228 3.32588 0
    endloop
  endfacet
  facet normal -0 0 -1
    outer loop
      vertex -1.53678 -0.726843 0
      vertex -3.61596 -1.71022 0
      vertex -1.57059 -0.650561 0
    endloop
  endfacet
  facet normal 0 0 -1
    outer loop
      vertex -1.07847 1.31412 0
      vertex -2.53757 3.09204 0
      vertex -2.3828 3.21283 0
    endloop
  endfacet
  facet normal 0 0 -1
    outer loop
      vertex -3.69552 -1.53073 0
      vertex -1.57059 -0.650561 0
      vertex -3.61596 -1.71022 0
    endloop
  endfacet
  facet normal 0 0 -1
    outer loop
      vertex -1.14165 1.25962 0
      vertex -2.68624 2.9638 0
      vertex -2.53757 3.09204 0
    endloop
  endfacet
  facet normal -0 0 -1
    outer loop
      vertex -1.57059 -0.650561 0
      vertex -3.69552 -1.53073 0
      vertex -1.60062 -0.572712 0
    endloop
  endfacet
  facet normal 0 0 -1
    outer loop
      vertex -1.20208 1.20208 0
      vertex -2.82843 2.82843 0
      vertex -2.68624 2.9638 0
    endloop
  endfacet
  facet normal 0 0 -1
    outer loop
      vertex -3.76618 -1.34756 0
      vertex -1.60062 -0.572712 0
      vertex -3.69552 -1.53073 0
    endloop
  endfacet
  facet normal 0 0 -1
    outer loop
      vertex -1.25962 1.14165 0
      vertex -2.9638 2.68624 0
      vertex -2.82843 2.82843 0
    endloop
  endfacet
  facet normal -0 0 -1
    outer loop
      vertex -1.60062 -0.572712 0
      vertex -3.76618 -1.34756 0
      vertex -1.6268 -0.493484 0
    endloop
  endfacet
  facet normal 0 0 -1
    outer loop
      vertex -1.31412 1.07847 0
      vertex -3.09204 2.53757 0
      vertex -2.9638 2.68624 0
    endloop
  endfacet
  facet normal 0 0 -1
    outer loop
      vertex -3.82776 -1.16114 0
      vertex -1.6268 -0.493484 0
      vertex -3.76618 -1.34756 0
    endloop
  endfacet
  facet normal 0 0 -1
    outer loop
      vertex -1.36545 1.01269 0
      vertex -3.21283 2.3828 0
      vertex -3.09204 2.53757 0
    endloop
  endfacet
  facet normal -0 0 -1
    outer loop
      vertex -1.6268 -0.493484 0
      vertex -3.82776 -1.16114 0
      vertex -1.64905 -0.413066 0
    endloop
  endfacet
  facet normal 0 0 -1
    outer loop
      vertex -1.4135 0.944468 0
      vertex -3.32588 2.22228 0
      vertex -3.21283 2.3828 0
    endloop
  endfacet
  facet normal 0 0 -1
    outer loop
      vertex -3.88012 -0.97192 0
      vertex -1.64905 -0.413066 0
      vertex -3.82776 -1.16114 0
    endloop
  endfacet
  facet normal 0 0 -1
    outer loop
      vertex -1.45814 0.873974 0
      vertex -3.43091 2.05641 0
      vertex -3.32588 2.22228 0
    endloop
  endfacet
  facet normal -0 0 -1
    outer loop
      vertex -1.64905 -0.413066 0
      vertex -3.88012 -0.97192 0
      vertex -1.66733 -0.331653 0
    endloop
  endfacet
  facet normal 0 0 -1
    outer loop
      vertex -1.49927 0.801374 0
      vertex -3.52768 1.88559 0
      vertex -3.43091 2.05641 0
    endloop
  endfacet
  facet normal 0 0 -1
    outer loop
      vertex -3.92314 -0.780361 0
      vertex -1.66733 -0.331653 0
      vertex -3.88012 -0.97192 0
    endloop
  endfacet
  facet normal 0 0 -1
    outer loop
      vertex -1.53678 0.726843 0
      vertex -3.61596 1.71022 0
      vertex -3.52768 1.88559 0
    endloop
  endfacet
  facet normal -0 0 -1
    outer loop
      vertex -1.66733 -0.331653 0
      vertex -3.92314 -0.780361 0
      vertex -1.6816 -0.249441 0
    endloop
  endfacet
  facet normal 0 0 -1
    outer loop
      vertex -1.57059 0.650561 0
      vertex -3.69552 1.53073 0
      vertex -3.61596 1.71022 0
    endloop
  endfacet
  facet normal 0 0 -1
    outer loop
      vertex -3.95671 -0.586922 0
      vertex -1.6816 -0.249441 0
      vertex -3.92314 -0.780361 0
    endloop
  endfacet
  facet normal 0 0 -1
    outer loop
      vertex -1.60062 0.572712 0
      vertex -3.76618 1.34756 0
      vertex -3.69552 1.53073 0
    endloop
  endfacet
  facet normal -0 0 -1
    outer loop
      vertex -1.6816 -0.249441 0
      vertex -3.95671 -0.586922 0
      vertex -1.69181 -0.166629 0
    endloop
  endfacet
  facet normal 0 0 -1
    outer loop
      vertex -1.6268 0.493484 0
      vertex -3.82776 1.16114 0
      vertex -3.76618 1.34756 0
    endloop
  endfacet
  facet normal 0 0 -1
    outer loop
      vertex -3.98074 -0.392068 0
      vertex -1.69181 -0.166629 0
      vertex -3.95671 -0.586922 0
    endloop
  endfacet
  facet normal 0 0 -1
    outer loop
      vertex -1.64905 0.413066 0
      vertex -3.88012 0.97192 0
      vertex -3.82776 1.16114 0
    endloop
  endfacet
  facet normal -0 0 -1
    outer loop
      vertex -1.69181 -0.166629 0
      vertex -3.98074 -0.392068 0
      vertex -1.69795 -0.083415 0
    endloop
  endfacet
  facet normal 0 0 -1
    outer loop
      vertex -1.66733 0.331653 0
      vertex -3.92314 0.780361 0
      vertex -3.88012 0.97192 0
    endloop
  endfacet
  facet normal 0 0 -1
    outer loop
      vertex -3.99518 -0.19627 0
      vertex -1.69795 -0.083415 0
      vertex -3.98074 -0.392068 0
    endloop
  endfacet
  facet normal 0 0 -1
    outer loop
      vertex -1.6816 0.249441 0
      vertex -3.95671 0.586922 0
      vertex -3.92314 0.780361 0
    endloop
  endfacet
  facet normal -0 0 -1
    outer loop
      vertex -1.69795 -0.083415 0
      vertex -3.99518 -0.19627 0
      vertex -1.7 0 0
    endloop
  endfacet
  facet normal 0 0 -1
    outer loop
      vertex -1.69181 0.166629 0
      vertex -3.98074 0.392068 0
      vertex -3.95671 0.586922 0
    endloop
  endfacet
  facet normal 0 0 -1
    outer loop
      vertex -4 0 0
      vertex -1.7 0 0
      vertex -3.99518 -0.19627 0
    endloop
  endfacet
  facet normal 0 0 -1
    outer loop
      vertex -1.69795 0.083415 0
      vertex -3.99518 0.19627 0
      vertex -3.98074 0.392068 0
    endloop
  endfacet
  facet normal 0 0 -1
    outer loop
      vertex -1.7 0 0
      vertex -4 0 0
      vertex -3.99518 0.19627 0
    endloop
  endfacet
  facet normal -0.405231 0.914214 0
    outer loop
      vertex -1.53073 3.69552 0
      vertex -1.71022 3.61596 10
      vertex -1.53073 3.69552 10
    endloop
  endfacet
  facet normal -0.405231 0.914214 0
    outer loop
      vertex -1.71022 3.61596 10
      vertex -1.53073 3.69552 0
      vertex -1.71022 3.61596 0
    endloop
  endfacet
  facet normal -0.893212 -0.449636 0
    outer loop
      vertex -3.52768 -1.88559 0
      vertex -3.61596 -1.71022 10
      vertex -3.61596 -1.71022 0
    endloop
  endfacet
  facet normal -0.893212 -0.449636 0
    outer loop
      vertex -3.61596 -1.71022 10
      vertex -3.52768 -1.88559 0
      vertex -3.52768 -1.88559 10
    endloop
  endfacet
  facet normal -0.914214 0.405231 0
    outer loop
      vertex -3.69552 1.53073 0
      vertex -3.61596 1.71022 10
      vertex -3.61596 1.71022 0
    endloop
  endfacet
  facet normal -0.914214 0.405231 0
    outer loop
      vertex -3.61596 1.71022 10
      vertex -3.69552 1.53073 0
      vertex -3.69552 1.53073 10
    endloop
  endfacet
  facet normal 0 -1 0
    outer loop
      vertex 1.2 0.5 0
      vertex 3.96743 0.5 2
      vertex 1.2 0.5 2
    endloop
  endfacet
  facet normal 0 -1 -0
    outer loop
      vertex 3.96743 0.5 2
      vertex 1.2 0.5 0
      vertex 3.96743 0.5 0
    endloop
  endfacet
  facet normal 0 1 -0
    outer loop
      vertex 3.96743 -0.5 0
      vertex 1.2 -0.5 2
      vertex 3.96743 -0.5 2
    endloop
  endfacet
  facet normal 0 1 0
    outer loop
      vertex 1.2 -0.5 2
      vertex 3.96743 -0.5 0
      vertex 1.2 -0.5 0
    endloop
  endfacet
  facet normal -0 0 1
    outer loop
      vertex -3.95671 0.586922 2
      vertex -1.6816 0.249441 2
      vertex -3.92314 0.780361 2
    endloop
  endfacet
  facet normal 0 0 1
    outer loop
      vertex -1.66733 0.331653 2
      vertex -3.92314 0.780361 2
      vertex -1.6816 0.249441 2
    endloop
  endfacet
  facet normal -0 0 1
    outer loop
      vertex -3.92314 0.780361 2
      vertex -1.66733 0.331653 2
      vertex -3.88012 0.97192 2
    endloop
  endfacet
  facet normal 0 0 1
    outer loop
      vertex -1.64905 0.413066 2
      vertex -3.88012 0.97192 2
      vertex -1.66733 0.331653 2
    endloop
  endfacet
  facet normal -0 0 1
    outer loop
      vertex -3.88012 0.97192 2
      vertex -1.64905 0.413066 2
      vertex -3.87235 1 2
    endloop
  endfacet
  facet normal 0 0 1
    outer loop
      vertex -1.6268 0.493484 2
      vertex -3.87235 1 2
      vertex -1.64905 0.413066 2
    endloop
  endfacet
  facet normal 0 0 1
    outer loop
      vertex -1.60062 0.572712 2
      vertex -3.87235 1 2
      vertex -1.6268 0.493484 2
    endloop
  endfacet
  facet normal 0 0 1
    outer loop
      vertex -1.57059 0.650561 2
      vertex -3.87235 1 2
      vertex -1.60062 0.572712 2
    endloop
  endfacet
  facet normal 0 0 1
    outer loop
      vertex -1.53678 0.726843 2
      vertex -3.87235 1 2
      vertex -1.57059 0.650561 2
    endloop
  endfacet
  facet normal 0 0 1
    outer loop
      vertex -1.49927 0.801374 2
      vertex -3.87235 1 2
      vertex -1.53678 0.726843 2
    endloop
  endfacet
  facet normal 0 0 1
    outer loop
      vertex -1.45814 0.873974 2
      vertex -3.87235 1 2
      vertex -1.49927 0.801374 2
    endloop
  endfacet
  facet normal 0 0 1
    outer loop
      vertex -1.4135 0.944468 2
      vertex -3.87235 1 2
      vertex -1.45814 0.873974 2
    endloop
  endfacet
  facet normal -0 0 1
    outer loop
      vertex -3.87235 1 2
      vertex -1.4135 0.944468 2
      vertex -1.37439 1 2
    endloop
  endfacet
  facet normal 0 0 1
    outer loop
      vertex -1.6816 0.249441 2
      vertex -3.95671 0.586922 2
      vertex -1.69181 0.166629 2
    endloop
  endfacet
  facet normal -0 0 1
    outer loop
      vertex -3.98074 0.392068 2
      vertex -1.69181 0.166629 2
      vertex -3.95671 0.586922 2
    endloop
  endfacet
  facet normal 0 0 1
    outer loop
      vertex -1.69181 0.166629 2
      vertex -3.98074 0.392068 2
      vertex -1.69795 0.083415 2
    endloop
  endfacet
  facet normal -0 0 1
    outer loop
      vertex -3.99518 0.19627 2
      vertex -1.69795 0.083415 2
      vertex -3.98074 0.392068 2
    endloop
  endfacet
  facet normal 0 0 1
    outer loop
      vertex -1.69795 0.083415 2
      vertex -3.99518 0.19627 2
      vertex -1.7 0 2
    endloop
  endfacet
  facet normal 0 0 1
    outer loop
      vertex -4 0 2
      vertex -1.7 0 2
      vertex -3.99518 0.19627 2
    endloop
  endfacet
  facet normal 0 0 1
    outer loop
      vertex -1.7 0 2
      vertex -4 0 2
      vertex -1.69795 -0.083415 2
    endloop
  endfacet
  facet normal 0 -0 1
    outer loop
      vertex -3.99518 -0.19627 2
      vertex -1.69795 -0.083415 2
      vertex -4 0 2
    endloop
  endfacet
  facet normal 0 0 1
    outer loop
      vertex -1.69795 -0.083415 2
      vertex -3.99518 -0.19627 2
      vertex -1.69181 -0.166629 2
    endloop
  endfacet
  facet normal 0 -0 1
    outer loop
      vertex -3.98074 -0.392068 2
      vertex -1.69181 -0.166629 2
      vertex -3.99518 -0.19627 2
    endloop
  endfacet
  facet normal 0 0 1
    outer loop
      vertex -1.69181 -0.166629 2
      vertex -3.98074 -0.392068 2
      vertex -1.6816 -0.249441 2
    endloop
  endfacet
  facet normal 0 -0 1
    outer loop
      vertex -3.95671 -0.586922 2
      vertex -1.6816 -0.249441 2
      vertex -3.98074 -0.392068 2
    endloop
  endfacet
  facet normal 0 0 1
    outer loop
      vertex -1.6816 -0.249441 2
      vertex -3.95671 -0.586922 2
      vertex -1.66733 -0.331653 2
    endloop
  endfacet
  facet normal 0 -0 1
    outer loop
      vertex -3.92314 -0.780361 2
      vertex -1.66733 -0.331653 2
      vertex -3.95671 -0.586922 2
    endloop
  endfacet
  facet normal 0 0 1
    outer loop
      vertex -1.66733 -0.331653 2
      vertex -3.92314 -0.780361 2
      vertex -1.64905 -0.413066 2
    endloop
  endfacet
  facet normal 0 -0 1
    outer loop
      vertex -3.88012 -0.97192 2
      vertex -1.64905 -0.413066 2
      vertex -3.92314 -0.780361 2
    endloop
  endfacet
  facet normal 0 0 1
    outer loop
      vertex -1.45814 -0.873974 2
      vertex -3.87235 -1 2
      vertex -1.4135 -0.944468 2
    endloop
  endfacet
  facet normal 0 0 1
    outer loop
      vertex -1.4135 -0.944468 2
      vertex -3.87235 -1 2
      vertex -1.37439 -1 2
    endloop
  endfacet
  facet normal 0 -0 1
    outer loop
      vertex -3.87235 -1 2
      vertex -1.64905 -0.413066 2
      vertex -3.88012 -0.97192 2
    endloop
  endfacet
  facet normal 0 0 1
    outer loop
      vertex -1.49927 -0.801374 2
      vertex -3.87235 -1 2
      vertex -1.45814 -0.873974 2
    endloop
  endfacet
  facet normal 0 0 1
    outer loop
      vertex -1.64905 -0.413066 2
      vertex -3.87235 -1 2
      vertex -1.6268 -0.493484 2
    endloop
  endfacet
  facet normal 0 0 1
    outer loop
      vertex -1.53678 -0.726843 2
      vertex -3.87235 -1 2
      vertex -1.49927 -0.801374 2
    endloop
  endfacet
  facet normal 0 0 1
    outer loop
      vertex -1.6268 -0.493484 2
      vertex -3.87235 -1 2
      vertex -1.60062 -0.572712 2
    endloop
  endfacet
  facet normal 0 0 1
    outer loop
      vertex -1.57059 -0.650561 2
      vertex -3.87235 -1 2
      vertex -1.53678 -0.726843 2
    endloop
  endfacet
  facet normal 0 0 1
    outer loop
      vertex -1.60062 -0.572712 2
      vertex -3.87235 -1 2
      vertex -1.57059 -0.650561 2
    endloop
  endfacet
  facet normal 0 0 1
    outer loop
      vertex 1.2 0.5 2
      vertex 3.95671 0.586922 2
      vertex 3.92314 0.780361 2
    endloop
  endfacet
  facet normal 0 0 1
    outer loop
      vertex 1.2 0.5 2
      vertex 3.92314 0.780361 2
      vertex 3.88012 0.97192 2
    endloop
  endfacet
  facet normal 0 0 1
    outer loop
      vertex 1.2 0.5 2
      vertex 3.88012 0.97192 2
      vertex 3.87235 1 2
    endloop
  endfacet
  facet normal 0 0 1
    outer loop
      vertex 1.2 0.5 2
      vertex 3.87235 1 2
      vertex 1.2 1 2
    endloop
  endfacet
  facet normal 0 0 1
    outer loop
      vertex 3.95671 0.586922 2
      vertex 1.2 0.5 2
      vertex 3.96743 0.5 2
    endloop
  endfacet
  facet normal -0 0 1
    outer loop
      vertex 1.2 -0.5 2
      vertex 3.95671 -0.586922 2
      vertex 3.96743 -0.5 2
    endloop
  endfacet
  facet normal 0 0 1
    outer loop
      vertex 3.95671 -0.586922 2
      vertex 1.2 -0.5 2
      vertex 3.92314 -0.780361 2
    endloop
  endfacet
  facet normal 0 0 1
    outer loop
      vertex 3.92314 -0.780361 2
      vertex 1.2 -0.5 2
      vertex 3.88012 -0.97192 2
    endloop
  endfacet
  facet normal 0 0 1
    outer loop
      vertex 3.88012 -0.97192 2
      vertex 1.2 -0.5 2
      vertex 3.87235 -1 2
    endloop
  endfacet
  facet normal 0 0 1
    outer loop
      vertex 3.87235 -1 2
      vertex 1.2 -0.5 2
      vertex 1.2 -1 2
    endloop
  endfacet
  facet normal 0 -1 0
    outer loop
      vertex -3.87235 1 10
      vertex -1.37439 1 5
      vertex -0.5 1 10
    endloop
  endfacet
  facet normal 0 -1 0
    outer loop
      vertex -3.87235 1 2
      vertex -1.37439 1 5
      vertex -3.87235 1 10
    endloop
  endfacet
  facet normal 0 -1 -0
    outer loop
      vertex -1.37439 1 5
      vertex -3.87235 1 2
      vertex -1.37439 1 2
    endloop
  endfacet
  facet normal 0 -1 -0
    outer loop
      vertex -0.5 1 10
      vertex -1.37439 1 5
      vertex -0.5 1 5
    endloop
  endfacet
  facet normal 0 -1 0
    outer loop
      vertex 1.2 1 5
      vertex 0.5 1 10
      vertex 0.5 1 5
    endloop
  endfacet
  facet normal 0 -1 0
    outer loop
      vertex 0.5 1 10
      vertex 1.2 1 5
      vertex 3.87235 1 10
    endloop
  endfacet
  facet normal 0 -1 0
    outer loop
      vertex 3.87235 1 2
      vertex 1.2 1 5
      vertex 1.2 1 2
    endloop
  endfacet
  facet normal 0 -1 0
    outer loop
      vertex 1.2 1 5
      vertex 3.87235 1 2
      vertex 3.87235 1 10
    endloop
  endfacet
  facet normal 0 1 0
    outer loop
      vertex -1.37439 -1 5
      vertex -0.5 -1 10
      vertex -0.5 -1 5
    endloop
  endfacet
  facet normal 0 1 0
    outer loop
      vertex -0.5 -1 10
      vertex -1.37439 -1 5
      vertex -3.87235 -1 10
    endloop
  endfacet
  facet normal 0 1 0
    outer loop
      vertex -3.87235 -1 2
      vertex -1.37439 -1 5
      vertex -1.37439 -1 2
    endloop
  endfacet
  facet normal 0 1 0
    outer loop
      vertex -1.37439 -1 5
      vertex -3.87235 -1 2
      vertex -3.87235 -1 10
    endloop
  endfacet
  facet normal 0 1 0
    outer loop
      vertex 3.87235 -1 10
      vertex 1.2 -1 5
      vertex 0.5 -1 10
    endloop
  endfacet
  facet normal 0 1 -0
    outer loop
      vertex 3.87235 -1 2
      vertex 1.2 -1 5
      vertex 3.87235 -1 10
    endloop
  endfacet
  facet normal 0 1 0
    outer loop
      vertex 1.2 -1 5
      vertex 3.87235 -1 2
      vertex 1.2 -1 2
    endloop
  endfacet
  facet normal 0 1 0
    outer loop
      vertex 0.5 -1 10
      vertex 1.2 -1 5
      vertex 0.5 -1 5
    endloop
  endfacet
  facet normal -1 0 0
    outer loop
      vertex 0.5 1.62464 5
      vertex 0.5 3.96743 2
      vertex 0.5 1.62464 2
    endloop
  endfacet
  facet normal -1 0 0
    outer loop
      vertex 0.5 3.96743 2
      vertex 0.5 1.62464 5
      vertex 0.5 3.96743 10
    endloop
  endfacet
  facet normal -1 0 0
    outer loop
      vertex 0.5 1 10
      vertex 0.5 1.62464 5
      vertex 0.5 1 5
    endloop
  endfacet
  facet normal -1 0 0
    outer loop
      vertex 0.5 1.62464 5
      vertex 0.5 1 10
      vertex 0.5 3.96743 10
    endloop
  endfacet
  facet normal -1 0 0
    outer loop
      vertex 0.5 -1.62464 2
      vertex 0.5 -3.96743 2
      vertex 0.5 -1.62464 5
    endloop
  endfacet
  facet normal -1 0 0
    outer loop
      vertex 0.5 -1.62464 5
      vertex 0.5 -1 10
      vertex 0.5 -1 5
    endloop
  endfacet
  facet normal -1 0 0
    outer loop
      vertex 0.5 -3.96743 10
      vertex 0.5 -1.62464 5
      vertex 0.5 -3.96743 2
    endloop
  endfacet
  facet normal -1 0 0
    outer loop
      vertex 0.5 -1.62464 5
      vertex 0.5 -3.96743 10
      vertex 0.5 -1 10
    endloop
  endfacet
  facet normal -0 0 1
    outer loop
      vertex 0.493484 -1.6268 2
      vertex 0.5 -3.96743 2
      vertex 0.5 -1.62464 2
    endloop
  endfacet
  facet normal -0 0 1
    outer loop
      vertex 0.413066 -1.64905 2
      vertex 0.5 -3.96743 2
      vertex 0.493484 -1.6268 2
    endloop
  endfacet
  facet normal -0 0 1
    outer loop
      vertex 0.331653 -1.66733 2
      vertex 0.5 -3.96743 2
      vertex 0.413066 -1.64905 2
    endloop
  endfacet
  facet normal -0 0 1
    outer loop
      vertex 0.249441 -1.6816 2
      vertex 0.5 -3.96743 2
      vertex 0.331653 -1.66733 2
    endloop
  endfacet
  facet normal -0 0 1
    outer loop
      vertex 0.166629 -1.69181 2
      vertex 0.5 -3.96743 2
      vertex 0.249441 -1.6816 2
    endloop
  endfacet
  facet normal 0 0 1
    outer loop
      vertex 0.5 -3.96743 2
      vertex 0.166629 -1.69181 2
      vertex 0.392068 -3.98074 2
    endloop
  endfacet
  facet normal 0 0 1
    outer loop
      vertex 0.392068 -3.98074 2
      vertex 0.166629 -1.69181 2
      vertex 0.19627 -3.99518 2
    endloop
  endfacet
  facet normal -0 0 1
    outer loop
      vertex 0.083415 -1.69795 2
      vertex 0.19627 -3.99518 2
      vertex 0.166629 -1.69181 2
    endloop
  endfacet
  facet normal -0 0 1
    outer loop
      vertex 0 -1.7 2
      vertex 0.19627 -3.99518 2
      vertex 0.083415 -1.69795 2
    endloop
  endfacet
  facet normal 0 0 1
    outer loop
      vertex 0 -1.7 2
      vertex 0 -4 2
      vertex 0.19627 -3.99518 2
    endloop
  endfacet
  facet normal 0 0 1
    outer loop
      vertex -0.083415 -1.69795 2
      vertex 0 -4 2
      vertex 0 -1.7 2
    endloop
  endfacet
  facet normal 0 0 1
    outer loop
      vertex -0.19627 -3.99518 2
      vertex -0.083415 -1.69795 2
      vertex -0.166629 -1.69181 2
    endloop
  endfacet
  facet normal 0 0 1
    outer loop
      vertex -0.083415 -1.69795 2
      vertex -0.19627 -3.99518 2
      vertex 0 -4 2
    endloop
  endfacet
  facet normal 0 0 1
    outer loop
      vertex -0.5 -3.96743 2
      vertex -0.166629 -1.69181 2
      vertex -0.249441 -1.6816 2
    endloop
  endfacet
  facet normal 0 0 1
    outer loop
      vertex -0.5 -3.96743 2
      vertex -0.249441 -1.6816 2
      vertex -0.331653 -1.66733 2
    endloop
  endfacet
  facet normal 0 0 1
    outer loop
      vertex -0.166629 -1.69181 2
      vertex -0.392068 -3.98074 2
      vertex -0.19627 -3.99518 2
    endloop
  endfacet
  facet normal 0 0 1
    outer loop
      vertex -0.5 -3.96743 2
      vertex -0.331653 -1.66733 2
      vertex -0.413066 -1.64905 2
    endloop
  endfacet
  facet normal 0 0 1
    outer loop
      vertex -0.5 -3.96743 2
      vertex -0.413066 -1.64905 2
      vertex -0.493484 -1.6268 2
    endloop
  endfacet
  facet normal 0 0 1
    outer loop
      vertex -0.5 -3.96743 2
      vertex -0.493484 -1.6268 2
      vertex -0.5 -1.62464 2
    endloop
  endfacet
  facet normal 0 0 1
    outer loop
      vertex -0.166629 -1.69181 2
      vertex -0.5 -3.96743 2
      vertex -0.392068 -3.98074 2
    endloop
  endfacet
  facet normal 0 0 1
    outer loop
      vertex 0.5 3.96743 2
      vertex 0.493484 1.6268 2
      vertex 0.5 1.62464 2
    endloop
  endfacet
  facet normal 0 0 1
    outer loop
      vertex 0.5 3.96743 2
      vertex 0.413066 1.64905 2
      vertex 0.493484 1.6268 2
    endloop
  endfacet
  facet normal 0 0 1
    outer loop
      vertex 0.166629 1.69181 2
      vertex 0.5 3.96743 2
      vertex 0.392068 3.98074 2
    endloop
  endfacet
  facet normal 0 0 1
    outer loop
      vertex 0.5 3.96743 2
      vertex 0.331653 1.66733 2
      vertex 0.413066 1.64905 2
    endloop
  endfacet
  facet normal 0 0 1
    outer loop
      vertex 0.5 3.96743 2
      vertex 0.249441 1.6816 2
      vertex 0.331653 1.66733 2
    endloop
  endfacet
  facet normal 0 0 1
    outer loop
      vertex 0.166629 1.69181 2
      vertex 0.392068 3.98074 2
      vertex 0.19627 3.99518 2
    endloop
  endfacet
  facet normal 0 0 1
    outer loop
      vertex 0.5 3.96743 2
      vertex 0.166629 1.69181 2
      vertex 0.249441 1.6816 2
    endloop
  endfacet
  facet normal 0 0 1
    outer loop
      vertex 0.19627 3.99518 2
      vertex 0.083415 1.69795 2
      vertex 0.166629 1.69181 2
    endloop
  endfacet
  facet normal 0 0 1
    outer loop
      vertex 0 4 2
      vertex 0.083415 1.69795 2
      vertex 0.19627 3.99518 2
    endloop
  endfacet
  facet normal 0 0 1
    outer loop
      vertex 0 4 2
      vertex 0 1.7 2
      vertex 0.083415 1.69795 2
    endloop
  endfacet
  facet normal 0 0 1
    outer loop
      vertex 0 4 2
      vertex -0.083415 1.69795 2
      vertex 0 1.7 2
    endloop
  endfacet
  facet normal -0 0 1
    outer loop
      vertex -0.19627 3.99518 2
      vertex -0.083415 1.69795 2
      vertex 0 4 2
    endloop
  endfacet
  facet normal 0 0 1
    outer loop
      vertex -0.083415 1.69795 2
      vertex -0.19627 3.99518 2
      vertex -0.166629 1.69181 2
    endloop
  endfacet
  facet normal -0 0 1
    outer loop
      vertex -0.392068 3.98074 2
      vertex -0.166629 1.69181 2
      vertex -0.19627 3.99518 2
    endloop
  endfacet
  facet normal -0 0 1
    outer loop
      vertex -0.5 3.96743 2
      vertex -0.166629 1.69181 2
      vertex -0.392068 3.98074 2
    endloop
  endfacet
  facet normal 0 0 1
    outer loop
      vertex -0.166629 1.69181 2
      vertex -0.5 3.96743 2
      vertex -0.249441 1.6816 2
    endloop
  endfacet
  facet normal 0 0 1
    outer loop
      vertex -0.249441 1.6816 2
      vertex -0.5 3.96743 2
      vertex -0.331653 1.66733 2
    endloop
  endfacet
  facet normal 0 0 1
    outer loop
      vertex -0.331653 1.66733 2
      vertex -0.5 3.96743 2
      vertex -0.413066 1.64905 2
    endloop
  endfacet
  facet normal 0 0 1
    outer loop
      vertex -0.413066 1.64905 2
      vertex -0.5 3.96743 2
      vertex -0.493484 1.6268 2
    endloop
  endfacet
  facet normal 0 0 1
    outer loop
      vertex -0.493484 1.6268 2
      vertex -0.5 3.96743 2
      vertex -0.5 1.62464 2
    endloop
  endfacet
  facet normal 1 0 0
    outer loop
      vertex -0.5 3.96743 10
      vertex -0.5 1.62464 5
      vertex -0.5 3.96743 2
    endloop
  endfacet
  facet normal 1 -0 0
    outer loop
      vertex -0.5 1 10
      vertex -0.5 1.62464 5
      vertex -0.5 3.96743 10
    endloop
  endfacet
  facet normal 1 0 0
    outer loop
      vertex -0.5 1.62464 5
      vertex -0.5 1 10
      vertex -0.5 1 5
    endloop
  endfacet
  facet normal 1 0 0
    outer loop
      vertex -0.5 3.96743 2
      vertex -0.5 1.62464 5
      vertex -0.5 1.62464 2
    endloop
  endfacet
  facet normal 1 0 0
    outer loop
      vertex -0.5 -1 10
      vertex -0.5 -1.62464 5
      vertex -0.5 -1 5
    endloop
  endfacet
  facet normal 1 -0 0
    outer loop
      vertex -0.5 -3.96743 10
      vertex -0.5 -1.62464 5
      vertex -0.5 -1 10
    endloop
  endfacet
  facet normal 1 0 0
    outer loop
      vertex -0.5 -3.96743 2
      vertex -0.5 -1.62464 5
      vertex -0.5 -3.96743 10
    endloop
  endfacet
  facet normal 1 0 0
    outer loop
      vertex -0.5 -1.62464 5
      vertex -0.5 -3.96743 2
      vertex -0.5 -1.62464 2
    endloop
  endfacet
endsolid OpenSCAD_Model
